period,year,month,quarter,countryId,countryCode,countryName,continentId,continentName,value,quantity
2021-01,2021,1,1,302,CN,จีน,1A,ทวีปเอเชีย,1036056115.0,7201094.0
2021-01,2021,1,1,303,HK,ฮ่องกง,1A,ทวีปเอเชีย,143343156.0,956186.0
2021-01,2021,1,1,274,VN,เวียดนาม,1A,ทวีปเอเชีย,79841532.0,979043.0
2021-01,2021,1,1,373,US,สหรัฐอเมริกา,1C,ทวีปอเมริกาเหนือ,4719730.0,24677.0
2021-01,2021,1,1,306,KR,เกาหลีใต้,1A,ทวีปเอเชีย,1485367.0,19707.0
2021-01,2021,1,1,483,AU,ออสเตรเลีย,1F,ทวีปออสเตรเลีย,972519.0,1834.0
2021-01,2021,1,1,304,JP,ญี่ปุ่น,1A,ทวีปเอเชีย,579373.0,2233.0
2021-01,2021,1,1,270,MM,เมียนมา,1A,ทวีปเอเชีย,398260.0,2900.0
2021-01,2021,1,1,366,NO,นอร์เวย์,1B,ทวีปยุโรป,371195.0,754.0
2021-01,2021,1,1,285,AE,สหรัฐอาหรับเอมิเรตส์,1A,ทวีปเอเชีย,369030.0,765.0
2021-01,2021,1,1,345,RU,รัสเซีย,1B,ทวีปยุโรป,336951.0,1341.0
2021-01,2021,1,1,320,GB,สหราชอาณาจักร,1B,ทวีปยุโรป,266557.0,1336.0
2021-01,2021,1,1,323,IT,อิตาลี,1B,ทวีปยุโรป,122252.0,135.0
2021-01,2021,1,1,296,SA,ซาอุดีอาระเบีย,1A,ทวีปเอเชีย,120754.0,679.0
2021-01,2021,1,1,497,NZ,นิวซีแลนด์,1F,ทวีปออสเตรเลีย,83926.0,365.0
2021-01,2021,1,1,318,FI,ฟินแลนด์,1B,ทวีปยุโรป,80123.0,203.0
2021-01,2021,1,1,292,KW,คูเวต,1A,ทวีปเอเชีย,40363.0,295.0
2021-01,2021,1,1,316,DK,เดนมาร์ก,1B,ทวีปยุโรป,34770.0,61.0
2021-01,2021,1,1,294,OM,โอมาน,1A,ทวีปเอเชีย,26019.0,227.0
2021-01,2021,1,1,356,CH,สวิตเซอร์แลนด์,1B,ทวีปยุโรป,23479.0,179.0
2021-01,2021,1,1,295,QA,กาตาร์,1A,ทวีปเอเชีย,22642.0,172.0
2021-01,2021,1,1,269,LA,สปป. ลาว,1A,ทวีปเอเชีย,15000.0,1500.0
2021-01,2021,1,1,327,SE,สวีเดน,1B,ทวีปยุโรป,12083.0,97.0
2021-01,2021,1,1,286,BH,บาห์เรน,1A,ทวีปเอเชีย,10996.0,80.0
2021-01,2021,1,1,336,CZ,สาธารณรัฐเช็ก,1B,ทวีปยุโรป,9295.0,78.0
2021-01,2021,1,1,322,IE,ไอร์แลนด์,1B,ทวีปยุโรป,3470.0,10.0
2021-01,2021,1,1,273,SG,สิงคโปร์,1A,ทวีปเอเชีย,728.0,100.0
2021-02,2021,2,1,302,CN,จีน,1A,ทวีปเอเชีย,2868988662.0,20619325.0
2021-02,2021,2,1,303,HK,ฮ่องกง,1A,ทวีปเอเชีย,238981596.0,1844659.0
2021-02,2021,2,1,274,VN,เวียดนาม,1A,ทวีปเอเชีย,143734539.0,1532858.0
2021-02,2021,2,1,373,US,สหรัฐอเมริกา,1C,ทวีปอเมริกาเหนือ,6425377.0,21341.0
2021-02,2021,2,1,304,JP,ญี่ปุ่น,1A,ทวีปเอเชีย,4647800.0,12825.0
2021-02,2021,2,1,306,KR,เกาหลีใต้,1A,ทวีปเอเชีย,1573948.0,21484.0
2021-02,2021,2,1,483,AU,ออสเตรเลีย,1F,ทวีปออสเตรเลีย,1827296.0,2672.0
2021-02,2021,2,1,366,NO,นอร์เวย์,1B,ทวีปยุโรป,347309.0,751.0
2021-02,2021,2,1,345,RU,รัสเซีย,1B,ทวีปยุโรป,188931.0,710.0
2021-02,2021,2,1,270,MM,เมียนมา,1A,ทวีปเอเชีย,46035.0,300.0
2021-02,2021,2,1,285,AE,สหรัฐอาหรับเอมิเรตส์,1A,ทวีปเอเชีย,57592.0,393.0
2021-02,2021,2,1,323,IT,อิตาลี,1B,ทวีปยุโรป,285215.0,300.0
2021-02,2021,2,1,356,CH,สวิตเซอร์แลนด์,1B,ทวีปยุโรป,287524.0,631.0
2021-02,2021,2,1,320,GB,สหราชอาณาจักร,1B,ทวีปยุโรป,4519.0,14.0
2021-02,2021,2,1,318,FI,ฟินแลนด์,1B,ทวีปยุโรป,153962.0,357.0
2021-02,2021,2,1,497,NZ,นิวซีแลนด์,1F,ทวีปออสเตรเลีย,103549.0,264.0
2021-02,2021,2,1,296,SA,ซาอุดีอาระเบีย,1A,ทวีปเอเชีย,43478.0,364.0
2021-02,2021,2,1,336,CZ,สาธารณรัฐเช็ก,1B,ทวีปยุโรป,151406.0,225.0
2021-02,2021,2,1,316,DK,เดนมาร์ก,1B,ทวีปยุโรป,53580.0,94.0
2021-02,2021,2,1,313,BE,เบลเยียม,1B,ทวีปยุโรป,78326.0,90.0
2021-02,2021,2,1,315,DE,เยอรมนี,1B,ทวีปยุโรป,73934.0,102.0
2021-02,2021,2,1,292,KW,คูเวต,1A,ทวีปเอเชีย,28424.0,208.0
2021-02,2021,2,1,295,QA,กาตาร์,1A,ทวีปเอเชีย,31776.0,233.0
2021-02,2021,2,1,317,ES,สเปน,1B,ทวีปยุโรป,44706.0,780.0
2021-02,2021,2,1,294,OM,โอมาน,1A,ทวีปเอเชีย,9345.0,80.0
2021-02,2021,2,1,286,BH,บาห์เรน,1A,ทวีปเอเชีย,15125.0,110.0
2021-02,2021,2,1,327,SE,สวีเดน,1B,ทวีปยุโรป,8316.0,66.0
2021-02,2021,2,1,269,LA,สปป. ลาว,1A,ทวีปเอเชีย,0.0,0.0
2021-02,2021,2,1,322,IE,ไอร์แลนด์,1B,ทวีปยุโรป,9380.0,30.0
2021-02,2021,2,1,371,CA,แคนาดา,1C,ทวีปอเมริกาเหนือ,11871.0,10.0
2021-02,2021,2,1,273,SG,สิงคโปร์,1A,ทวีปเอเชีย,0.0,0.0
2021-02,2021,2,1,309,TW,ไต้หวัน,1A,ทวีปเอเชีย,27.0,1.0
2021-03,2021,3,1,302,CN,จีน,1A,ทวีปเอเชีย,1635505757.0,11643473.0
2021-03,2021,3,1,303,HK,ฮ่องกง,1A,ทวีปเอเชีย,44408966.0,302244.0
2021-03,2021,3,1,274,VN,เวียดนาม,1A,ทวีปเอเชีย,83056543.0,924215.0
2021-03,2021,3,1,373,US,สหรัฐอเมริกา,1C,ทวีปอเมริกาเหนือ,3569249.0,11139.0
2021-03,2021,3,1,304,JP,ญี่ปุ่น,1A,ทวีปเอเชีย,1467220.0,3260.0
2021-03,2021,3,1,306,KR,เกาหลีใต้,1A,ทวีปเอเชีย,2798554.0,40893.0
2021-03,2021,3,1,483,AU,ออสเตรเลีย,1F,ทวีปออสเตรเลีย,932871.0,1289.0
2021-03,2021,3,1,366,NO,นอร์เวย์,1B,ทวีปยุโรป,156867.0,452.0
2021-03,2021,3,1,285,AE,สหรัฐอาหรับเอมิเรตส์,1A,ทวีปเอเชีย,214791.0,1526.0
2021-03,2021,3,1,345,RU,รัสเซีย,1B,ทวีปยุโรป,107095.0,402.0
2021-03,2021,3,1,356,CH,สวิตเซอร์แลนด์,1B,ทวีปยุโรป,247301.0,483.0
2021-03,2021,3,1,270,MM,เมียนมา,1A,ทวีปเอเชีย,20488.0,100.0
2021-03,2021,3,1,323,IT,อิตาลี,1B,ทวีปยุโรป,0.0,0.0
2021-03,2021,3,1,320,GB,สหราชอาณาจักร,1B,ทวีปยุโรป,58394.0,219.0
2021-03,2021,3,1,318,FI,ฟินแลนด์,1B,ทวีปยุโรป,30879.0,80.0
2021-03,2021,3,1,336,CZ,สาธารณรัฐเช็ก,1B,ทวีปยุโรป,96405.0,177.0
2021-03,2021,3,1,296,SA,ซาอุดีอาระเบีย,1A,ทวีปเอเชีย,52245.0,383.0
2021-03,2021,3,1,497,NZ,นิวซีแลนด์,1F,ทวีปออสเตรเลีย,0.0,0.0
2021-03,2021,3,1,316,DK,เดนมาร์ก,1B,ทวีปยุโรป,88856.0,324.0
2021-03,2021,3,1,295,QA,กาตาร์,1A,ทวีปเอเชีย,67949.0,497.0
2021-03,2021,3,1,313,BE,เบลเยียม,1B,ทวีปยุโรป,27753.0,32.0
2021-03,2021,3,1,315,DE,เยอรมนี,1B,ทวีปยุโรป,31383.0,52.0
2021-03,2021,3,1,292,KW,คูเวต,1A,ทวีปเอเชีย,28184.0,207.0
2021-03,2021,3,1,294,OM,โอมาน,1A,ทวีปเอเชีย,18733.0,144.0
2021-03,2021,3,1,286,BH,บาห์เรน,1A,ทวีปเอเชีย,21419.0,177.0
2021-03,2021,3,1,317,ES,สเปน,1B,ทวีปยุโรป,0.0,0.0
2021-03,2021,3,1,269,LA,สปป. ลาว,1A,ทวีปเอเชีย,28700.0,1025.0
2021-03,2021,3,1,327,SE,สวีเดน,1B,ทวีปยุโรป,2684.0,22.0
2021-03,2021,3,1,322,IE,ไอร์แลนด์,1B,ทวีปยุโรป,7275.0,23.0
2021-03,2021,3,1,371,CA,แคนาดา,1C,ทวีปอเมริกาเหนือ,0.0,0.0
2021-03,2021,3,1,273,SG,สิงคโปร์,1A,ทวีปเอเชีย,0.0,0.0
2021-03,2021,3,1,319,FR,ฝรั่งเศส,1B,ทวีปยุโรป,719.0,2.0
2021-03,2021,3,1,309,TW,ไต้หวัน,1A,ทวีปเอเชีย,0.0,0.0
2021-04,2021,4,2,302,CN,จีน,1A,ทวีปเอเชีย,18637769460.0,140189075.0
2021-04,2021,4,2,303,HK,ฮ่องกง,1A,ทวีปเอเชีย,1507670590.0,12541682.0
2021-04,2021,4,2,274,VN,เวียดนาม,1A,ทวีปเอเชีย,784049173.0,7026157.0
2021-04,2021,4,2,309,TW,ไต้หวัน,1A,ทวีปเอเชีย,153964547.0,1472008.0
2021-04,2021,4,2,271,MY,มาเลเซีย,1A,ทวีปเอเชีย,38740600.0,660870.0
2021-04,2021,4,2,373,US,สหรัฐอเมริกา,1C,ทวีปอเมริกาเหนือ,19503839.0,63412.0
2021-04,2021,4,2,306,KR,เกาหลีใต้,1A,ทวีปเอเชีย,18922455.0,265706.0
2021-04,2021,4,2,304,JP,ญี่ปุ่น,1A,ทวีปเอเชีย,11584480.0,52964.0
2021-04,2021,4,2,269,LA,สปป. ลาว,1A,ทวีปเอเชีย,14597810.0,319227.0
2021-04,2021,4,2,483,AU,ออสเตรเลีย,1F,ทวีปออสเตรเลีย,2335757.0,2916.0
2021-04,2021,4,2,273,SG,สิงคโปร์,1A,ทวีปเอเชีย,2402518.0,53500.0
2021-04,2021,4,2,320,GB,สหราชอาณาจักร,1B,ทวีปยุโรป,1421950.0,2601.0
2021-04,2021,4,2,366,NO,นอร์เวย์,1B,ทวีปยุโรป,363834.0,1204.0
2021-04,2021,4,2,336,CZ,สาธารณรัฐเช็ก,1B,ทวีปยุโรป,768385.0,1098.0
2021-04,2021,4,2,356,CH,สวิตเซอร์แลนด์,1B,ทวีปยุโรป,461236.0,774.0
2021-04,2021,4,2,285,AE,สหรัฐอาหรับเอมิเรตส์,1A,ทวีปเอเชีย,374617.0,1902.0
2021-04,2021,4,2,345,RU,รัสเซีย,1B,ทวีปยุโรป,138558.0,505.0
2021-04,2021,4,2,323,IT,อิตาลี,1B,ทวีปยุโรป,264546.0,275.0
2021-04,2021,4,2,497,NZ,นิวซีแลนด์,1F,ทวีปออสเตรเลีย,339840.0,1200.0
2021-04,2021,4,2,266,BN,บรูไน,1A,ทวีปเอเชีย,486922.0,2400.0
2021-04,2021,4,2,270,MM,เมียนมา,1A,ทวีปเอเชีย,0.0,0.0
2021-04,2021,4,2,318,FI,ฟินแลนด์,1B,ทวีปยุโรป,157991.0,426.0
2021-04,2021,4,2,316,DK,เดนมาร์ก,1B,ทวีปยุโรป,147059.0,427.0
2021-04,2021,4,2,315,DE,เยอรมนี,1B,ทวีปยุโรป,217893.0,288.0
2021-04,2021,4,2,296,SA,ซาอุดีอาระเบีย,1A,ทวีปเอเชีย,44593.0,316.0
2021-04,2021,4,2,343,PL,โปแลนด์,1B,ทวีปยุโรป,245760.0,384.0
2021-04,2021,4,2,371,CA,แคนาดา,1C,ทวีปอเมริกาเหนือ,214468.0,1051.0
2021-04,2021,4,2,319,FR,ฝรั่งเศส,1B,ทวีปยุโรป,188678.0,684.0
2021-04,2021,4,2,295,QA,กาตาร์,1A,ทวีปเอเชีย,31206.0,221.0
2021-04,2021,4,2,313,BE,เบลเยียม,1B,ทวีปยุโรป,32920.0,35.0
2021-04,2021,4,2,292,KW,คูเวต,1A,ทวีปเอเชีย,38153.0,270.0
2021-04,2021,4,2,339,HU,ฮังการี,1B,ทวีปยุโรป,95679.0,320.0
2021-04,2021,4,2,286,BH,บาห์เรน,1A,ทวีปเอเชีย,39440.0,282.0
2021-04,2021,4,2,294,OM,โอมาน,1A,ทวีปเอเชีย,11903.0,107.0
2021-04,2021,4,2,317,ES,สเปน,1B,ทวีปยุโรป,0.0,0.0
2021-04,2021,4,2,322,IE,ไอร์แลนด์,1B,ทวีปยุโรป,17863.0,57.0
2021-04,2021,4,2,327,SE,สวีเดน,1B,ทวีปยุโรป,4089.0,33.0
2021-04,2021,4,2,312,AT,ออสเตรีย,1B,ทวีปยุโรป,17850.0,17.0
2021-05,2021,5,2,302,CN,จีน,1A,ทวีปเอเชีย,25269051015.0,211367322.0
2021-05,2021,5,2,303,HK,ฮ่องกง,1A,ทวีปเอเชีย,2438019575.0,21126418.0
2021-05,2021,5,2,274,VN,เวียดนาม,1A,ทวีปเอเชีย,974872932.0,7991040.0
2021-05,2021,5,2,309,TW,ไต้หวัน,1A,ทวีปเอเชีย,74431007.0,724892.0
2021-05,2021,5,2,373,US,สหรัฐอเมริกา,1C,ทวีปอเมริกาเหนือ,62301919.0,180990.0
2021-05,2021,5,2,271,MY,มาเลเซีย,1A,ทวีปเอเชีย,49063000.0,869550.0
2021-05,2021,5,2,306,KR,เกาหลีใต้,1A,ทวีปเอเชีย,51976078.0,732410.0
2021-05,2021,5,2,304,JP,ญี่ปุ่น,1A,ทวีปเอเชีย,12538228.0,55499.0
2021-05,2021,5,2,483,AU,ออสเตรเลีย,1F,ทวีปออสเตรเลีย,13021666.0,18657.0
2021-05,2021,5,2,269,LA,สปป. ลาว,1A,ทวีปเอเชีย,3935678.0,94366.0
2021-05,2021,5,2,320,GB,สหราชอาณาจักร,1B,ทวีปยุโรป,7164679.0,21661.0
2021-05,2021,5,2,336,CZ,สาธารณรัฐเช็ก,1B,ทวีปยุโรป,5054712.0,9448.0
2021-05,2021,5,2,273,SG,สิงคโปร์,1A,ทวีปเอเชีย,3655215.0,73700.0
2021-05,2021,5,2,356,CH,สวิตเซอร์แลนด์,1B,ทวีปยุโรป,3838951.0,5829.0
2021-05,2021,5,2,366,NO,นอร์เวย์,1B,ทวีปยุโรป,3498746.0,11813.0
2021-05,2021,5,2,497,NZ,นิวซีแลนด์,1F,ทวีปออสเตรเลีย,2124312.0,6797.0
2021-05,2021,5,2,315,DE,เยอรมนี,1B,ทวีปยุโรป,1771812.0,3208.0
2021-05,2021,5,2,325,NL,เนเธอร์แลนด์,1B,ทวีปยุโรป,2047191.0,6089.0
2021-05,2021,5,2,319,FR,ฝรั่งเศส,1B,ทวีปยุโรป,1814262.0,6921.0
2021-05,2021,5,2,316,DK,เดนมาร์ก,1B,ทวีปยุโรป,1677715.0,3894.0
2021-05,2021,5,2,285,AE,สหรัฐอาหรับเอมิเรตส์,1A,ทวีปเอเชีย,914436.0,3839.0
2021-05,2021,5,2,266,BN,บรูไน,1A,ทวีปเอเชีย,933035.0,4500.0
2021-05,2021,5,2,318,FI,ฟินแลนด์,1B,ทวีปยุโรป,638153.0,1778.0
2021-05,2021,5,2,270,MM,เมียนมา,1A,ทวีปเอเชีย,440764.0,5578.0
2021-05,2021,5,2,317,ES,สเปน,1B,ทวีปยุโรป,812850.0,3118.0
2021-05,2021,5,2,345,RU,รัสเซีย,1B,ทวีปยุโรป,71160.0,255.0
2021-05,2021,5,2,371,CA,แคนาดา,1C,ทวีปอเมริกาเหนือ,545494.0,1773.0
2021-05,2021,5,2,323,IT,อิตาลี,1B,ทวีปยุโรป,0.0,0.0
2021-05,2021,5,2,313,BE,เบลเยียม,1B,ทวีปยุโรป,451009.0,655.0
2021-05,2021,5,2,296,SA,ซาอุดีอาระเบีย,1A,ทวีปเอเชีย,57422.0,350.0
2021-05,2021,5,2,343,PL,โปแลนด์,1B,ทวีปยุโรป,0.0,0.0
2021-05,2021,5,2,295,QA,กาตาร์,1A,ทวีปเอเชีย,81149.0,592.0
2021-05,2021,5,2,268,KH,กัมพูชา,1A,ทวีปเอเชีย,217300.0,2140.0
2021-05,2021,5,2,292,KW,คูเวต,1A,ทวีปเอเชีย,62076.0,353.0
2021-05,2021,5,2,286,BH,บาห์เรน,1A,ทวีปเอเชีย,86996.0,390.0
2021-05,2021,5,2,327,SE,สวีเดน,1B,ทวีปยุโรป,132601.0,498.0
2021-05,2021,5,2,339,HU,ฮังการี,1B,ทวีปยุโรป,0.0,0.0
2021-05,2021,5,2,294,OM,โอมาน,1A,ทวีปเอเชีย,22748.0,223.0
2021-05,2021,5,2,312,AT,ออสเตรีย,1B,ทวีปยุโรป,69300.0,66.0
2021-05,2021,5,2,322,IE,ไอร์แลนด์,1B,ทวีปยุโรป,20780.0,65.0
2021-05,2021,5,2,279,IN,อินเดีย,1A,ทวีปเอเชีย,4800.0,24.0
2021-06,2021,6,2,302,CN,จีน,1A,ทวีปเอเชีย,10596203073.0,82674597.0
2021-06,2021,6,2,303,HK,ฮ่องกง,1A,ทวีปเอเชีย,806865301.0,4673670.0
2021-06,2021,6,2,274,VN,เวียดนาม,1A,ทวีปเอเชีย,697804657.0,6044025.0
2021-06,2021,6,2,309,TW,ไต้หวัน,1A,ทวีปเอเชีย,0.0,0.0
2021-06,2021,6,2,373,US,สหรัฐอเมริกา,1C,ทวีปอเมริกาเหนือ,56801267.0,157829.0
2021-06,2021,6,2,271,MY,มาเลเซีย,1A,ทวีปเอเชีย,11151500.0,215180.0
2021-06,2021,6,2,306,KR,เกาหลีใต้,1A,ทวีปเอเชีย,18517624.0,288601.0
2021-06,2021,6,2,304,JP,ญี่ปุ่น,1A,ทวีปเอเชีย,11888454.0,53567.0
2021-06,2021,6,2,483,AU,ออสเตรเลีย,1F,ทวีปออสเตรเลีย,9297593.0,14183.0
2021-06,2021,6,2,269,LA,สปป. ลาว,1A,ทวีปเอเชีย,479898.0,16828.0
2021-06,2021,6,2,320,GB,สหราชอาณาจักร,1B,ทวีปยุโรป,4433388.0,13383.0
2021-06,2021,6,2,336,CZ,สาธารณรัฐเช็ก,1B,ทวีปยุโรป,3036640.0,6641.0
2021-06,2021,6,2,366,NO,นอร์เวย์,1B,ทวีปยุโรป,2845882.0,7942.0
2021-06,2021,6,2,356,CH,สวิตเซอร์แลนด์,1B,ทวีปยุโรป,2581803.0,4080.0
2021-06,2021,6,2,273,SG,สิงคโปร์,1A,ทวีปเอเชีย,1175000.0,23500.0
2021-06,2021,6,2,497,NZ,นิวซีแลนด์,1F,ทวีปออสเตรเลีย,4430961.0,10595.0
2021-06,2021,6,2,325,NL,เนเธอร์แลนด์,1B,ทวีปยุโรป,1994515.0,4844.0
2021-06,2021,6,2,315,DE,เยอรมนี,1B,ทวีปยุโรป,1693711.0,4745.0
2021-06,2021,6,2,316,DK,เดนมาร์ก,1B,ทวีปยุโรป,1414469.0,3421.0
2021-06,2021,6,2,319,FR,ฝรั่งเศส,1B,ทวีปยุโรป,1266007.0,3658.0
2021-06,2021,6,2,285,AE,สหรัฐอาหรับเอมิเรตส์,1A,ทวีปเอเชีย,767070.0,3328.0
2021-06,2021,6,2,266,BN,บรูไน,1A,ทวีปเอเชีย,145703.0,700.0
2021-06,2021,6,2,318,FI,ฟินแลนด์,1B,ทวีปยุโรป,227174.0,619.0
2021-06,2021,6,2,317,ES,สเปน,1B,ทวีปยุโรป,412615.0,1436.0
2021-06,2021,6,2,371,CA,แคนาดา,1C,ทวีปอเมริกาเหนือ,298771.0,1073.0
2021-06,2021,6,2,345,RU,รัสเซีย,1B,ทวีปยุโรป,70063.0,334.0
2021-06,2021,6,2,270,MM,เมียนมา,1A,ทวีปเอเชีย,0.0,0.0
2021-06,2021,6,2,323,IT,อิตาลี,1B,ทวีปยุโรป,42000.0,280.0
2021-06,2021,6,2,327,SE,สวีเดน,1B,ทวีปยุโรป,464923.0,1451.0
2021-06,2021,6,2,313,BE,เบลเยียม,1B,ทวีปยุโรป,374.0,0.0
2021-06,2021,6,2,296,SA,ซาอุดีอาระเบีย,1A,ทวีปเอเชีย,91987.0,488.0
2021-06,2021,6,2,295,QA,กาตาร์,1A,ทวีปเอเชีย,58785.0,411.0
2021-06,2021,6,2,292,KW,คูเวต,1A,ทวีปเอเชีย,71916.0,403.0
2021-06,2021,6,2,343,PL,โปแลนด์,1B,ทวีปยุโรป,0.0,0.0
2021-06,2021,6,2,286,BH,บาห์เรน,1A,ทวีปเอเชีย,66253.0,335.0
2021-06,2021,6,2,268,KH,กัมพูชา,1A,ทวีปเอเชีย,0.0,0.0
2021-06,2021,6,2,322,IE,ไอร์แลนด์,1B,ทวีปยุโรป,129845.0,398.0
2021-06,2021,6,2,294,OM,โอมาน,1A,ทวีปเอเชีย,21717.0,141.0
2021-06,2021,6,2,339,HU,ฮังการี,1B,ทวีปยุโรป,0.0,0.0
2021-06,2021,6,2,312,AT,ออสเตรีย,1B,ทวีปยุโรป,0.0,0.0
2021-06,2021,6,2,279,IN,อินเดีย,1A,ทวีปเอเชีย,0.0,0.0
2021-06,2021,6,2,272,PH,ฟิลิปปินส์,1A,ทวีปเอเชีย,2653.0,411.0
2021-07,2021,7,3,302,CN,จีน,1A,ทวีปเอเชีย,13254633425.0,111668546.0
2021-07,2021,7,3,303,HK,ฮ่องกง,1A,ทวีปเอเชีย,682182621.0,4767460.0
2021-07,2021,7,3,274,VN,เวียดนาม,1A,ทวีปเอเชีย,406720420.0,4530160.0
2021-07,2021,7,3,309,TW,ไต้หวัน,1A,ทวีปเอเชีย,273126.0,1000.0
2021-07,2021,7,3,373,US,สหรัฐอเมริกา,1C,ทวีปอเมริกาเหนือ,40128569.0,131714.0
2021-07,2021,7,3,271,MY,มาเลเซีย,1A,ทวีปเอเชีย,32553300.0,894870.0
2021-07,2021,7,3,306,KR,เกาหลีใต้,1A,ทวีปเอเชีย,10702164.0,139767.0
2021-07,2021,7,3,304,JP,ญี่ปุ่น,1A,ทวีปเอเชีย,9190384.0,38090.0
2021-07,2021,7,3,483,AU,ออสเตรเลีย,1F,ทวีปออสเตรเลีย,8376712.0,10854.0
2021-07,2021,7,3,269,LA,สปป. ลาว,1A,ทวีปเอเชีย,357585.0,8167.0
2021-07,2021,7,3,320,GB,สหราชอาณาจักร,1B,ทวีปยุโรป,4406271.0,15648.0
2021-07,2021,7,3,336,CZ,สาธารณรัฐเช็ก,1B,ทวีปยุโรป,1806150.0,4703.0
2021-07,2021,7,3,497,NZ,นิวซีแลนด์,1F,ทวีปออสเตรเลีย,3633759.0,10230.0
2021-07,2021,7,3,366,NO,นอร์เวย์,1B,ทวีปยุโรป,2351654.0,6921.0
2021-07,2021,7,3,356,CH,สวิตเซอร์แลนด์,1B,ทวีปยุโรป,1190655.0,2243.0
2021-07,2021,7,3,273,SG,สิงคโปร์,1A,ทวีปเอเชีย,936161.0,19421.0
2021-07,2021,7,3,319,FR,ฝรั่งเศส,1B,ทวีปยุโรป,2474587.0,6521.0
2021-07,2021,7,3,315,DE,เยอรมนี,1B,ทวีปยุโรป,798456.0,1870.0
2021-07,2021,7,3,325,NL,เนเธอร์แลนด์,1B,ทวีปยุโรป,284056.0,907.0
2021-07,2021,7,3,316,DK,เดนมาร์ก,1B,ทวีปยุโรป,710630.0,1877.0
2021-07,2021,7,3,285,AE,สหรัฐอาหรับเอมิเรตส์,1A,ทวีปเอเชีย,917842.0,3227.0
2021-07,2021,7,3,371,CA,แคนาดา,1C,ทวีปอเมริกาเหนือ,649861.0,1107.0
2021-07,2021,7,3,317,ES,สเปน,1B,ทวีปยุโรป,362729.0,1170.0
2021-07,2021,7,3,266,BN,บรูไน,1A,ทวีปเอเชีย,0.0,0.0
2021-07,2021,7,3,318,FI,ฟินแลนด์,1B,ทวีปยุโรป,218116.0,249.0
2021-07,2021,7,3,327,SE,สวีเดน,1B,ทวีปยุโรป,738784.0,1322.0
2021-07,2021,7,3,270,MM,เมียนมา,1A,ทวีปเอเชีย,341310.0,5690.0
2021-07,2021,7,3,323,IT,อิตาลี,1B,ทวีปยุโรป,377557.0,1249.0
2021-07,2021,7,3,345,RU,รัสเซีย,1B,ทวีปยุโรป,28908.0,210.0
2021-07,2021,7,3,313,BE,เบลเยียม,1B,ทวีปยุโรป,0.0,0.0
2021-07,2021,7,3,296,SA,ซาอุดีอาระเบีย,1A,ทวีปเอเชีย,38155.0,238.0
2021-07,2021,7,3,294,OM,โอมาน,1A,ทวีปเอเชีย,222002.0,554.0
2021-07,2021,7,3,295,QA,กาตาร์,1A,ทวีปเอเชีย,27274.0,190.0
2021-07,2021,7,3,292,KW,คูเวต,1A,ทวีปเอเชีย,27436.0,96.0
2021-07,2021,7,3,322,IE,ไอร์แลนด์,1B,ทวีปยุโรป,78882.0,250.0
2021-07,2021,7,3,286,BH,บาห์เรน,1A,ทวีปเอเชีย,26894.0,121.0
2021-07,2021,7,3,343,PL,โปแลนด์,1B,ทวีปยุโรป,0.0,0.0
2021-07,2021,7,3,268,KH,กัมพูชา,1A,ทวีปเอเชีย,0.0,0.0
2021-07,2021,7,3,339,HU,ฮังการี,1B,ทวีปยุโรป,0.0,0.0
2021-07,2021,7,3,279,IN,อินเดีย,1A,ทวีปเอเชีย,84000.0,420.0
2021-07,2021,7,3,312,AT,ออสเตรีย,1B,ทวีปยุโรป,0.0,0.0
2021-07,2021,7,3,272,PH,ฟิลิปปินส์,1A,ทวีปเอเชีย,0.0,0.0
2021-08,2021,8,3,302,CN,จีน,1A,ทวีปเอเชีย,14534587132.0,124685124.0
2021-08,2021,8,3,303,HK,ฮ่องกง,1A,ทวีปเอเชีย,150236428.0,1351086.0
2021-08,2021,8,3,274,VN,เวียดนาม,1A,ทวีปเอเชีย,308275971.0,3739168.0
2021-08,2021,8,3,309,TW,ไต้หวัน,1A,ทวีปเอเชีย,5000.0,50.0
2021-08,2021,8,3,373,US,สหรัฐอเมริกา,1C,ทวีปอเมริกาเหนือ,32841946.0,110642.0
2021-08,2021,8,3,271,MY,มาเลเซีย,1A,ทวีปเอเชีย,68556500.0,1848500.0
2021-08,2021,8,3,306,KR,เกาหลีใต้,1A,ทวีปเอเชีย,9713092.0,137774.0
2021-08,2021,8,3,304,JP,ญี่ปุ่น,1A,ทวีปเอเชีย,6425605.0,26538.0
2021-08,2021,8,3,483,AU,ออสเตรเลีย,1F,ทวีปออสเตรเลีย,7262981.0,12100.0
2021-08,2021,8,3,320,GB,สหราชอาณาจักร,1B,ทวีปยุโรป,3050896.0,9461.0
2021-08,2021,8,3,269,LA,สปป. ลาว,1A,ทวีปเอเชีย,183290.0,6789.0
2021-08,2021,8,3,497,NZ,นิวซีแลนด์,1F,ทวีปออสเตรเลีย,2209531.0,6119.0
2021-08,2021,8,3,336,CZ,สาธารณรัฐเช็ก,1B,ทวีปยุโรป,1008072.0,3641.0
2021-08,2021,8,3,366,NO,นอร์เวย์,1B,ทวีปยุโรป,1933467.0,5399.0
2021-08,2021,8,3,273,SG,สิงคโปร์,1A,ทวีปเอเชีย,2437096.0,49500.0
2021-08,2021,8,3,356,CH,สวิตเซอร์แลนด์,1B,ทวีปยุโรป,1231756.0,2092.0
2021-08,2021,8,3,319,FR,ฝรั่งเศส,1B,ทวีปยุโรป,2509095.0,9032.0
2021-08,2021,8,3,325,NL,เนเธอร์แลนด์,1B,ทวีปยุโรป,1698758.0,5123.0
2021-08,2021,8,3,315,DE,เยอรมนี,1B,ทวีปยุโรป,743161.0,1723.0
2021-08,2021,8,3,316,DK,เดนมาร์ก,1B,ทวีปยุโรป,361221.0,885.0
2021-08,2021,8,3,285,AE,สหรัฐอาหรับเอมิเรตส์,1A,ทวีปเอเชีย,356902.0,1627.0
2021-08,2021,8,3,323,IT,อิตาลี,1B,ทวีปยุโรป,2536317.0,8425.0
2021-08,2021,8,3,371,CA,แคนาดา,1C,ทวีปอเมริกาเหนือ,948413.0,1366.0
2021-08,2021,8,3,317,ES,สเปน,1B,ทวีปยุโรป,329792.0,1096.0
2021-08,2021,8,3,327,SE,สวีเดน,1B,ทวีปยุโรป,590583.0,761.0
2021-08,2021,8,3,266,BN,บรูไน,1A,ทวีปเอเชีย,0.0,0.0
2021-08,2021,8,3,318,FI,ฟินแลนด์,1B,ทวีปยุโรป,0.0,0.0
2021-08,2021,8,3,270,MM,เมียนมา,1A,ทวีปเอเชีย,0.0,0.0
2021-08,2021,8,3,345,RU,รัสเซีย,1B,ทวีปยุโรป,69174.0,463.0
2021-08,2021,8,3,313,BE,เบลเยียม,1B,ทวีปยุโรป,5020.0,56.0
2021-08,2021,8,3,294,OM,โอมาน,1A,ทวีปเอเชีย,190576.0,416.0
2021-08,2021,8,3,296,SA,ซาอุดีอาระเบีย,1A,ทวีปเอเชีย,48834.0,313.0
2021-08,2021,8,3,295,QA,กาตาร์,1A,ทวีปเอเชีย,52815.0,353.0
2021-08,2021,8,3,292,KW,คูเวต,1A,ทวีปเอเชีย,59126.0,354.0
2021-08,2021,8,3,322,IE,ไอร์แลนด์,1B,ทวีปยุโรป,70105.0,190.0
2021-08,2021,8,3,286,BH,บาห์เรน,1A,ทวีปเอเชีย,24902.0,166.0
2021-08,2021,8,3,343,PL,โปแลนด์,1B,ทวีปยุโรป,0.0,0.0
2021-08,2021,8,3,268,KH,กัมพูชา,1A,ทวีปเอเชีย,0.0,0.0
2021-08,2021,8,3,339,HU,ฮังการี,1B,ทวีปยุโรป,0.0,0.0
2021-08,2021,8,3,279,IN,อินเดีย,1A,ทวีปเอเชีย,0.0,0.0
2021-08,2021,8,3,312,AT,ออสเตรีย,1B,ทวีปยุโรป,0.0,0.0
2021-08,2021,8,3,447,KE,เคนยา,1E,ทวีปแอฟริกา,67153.0,270.0
2021-08,2021,8,3,267,ID,อินโดนีเซีย,1A,ทวีปเอเชีย,58597.0,1800.0
2021-08,2021,8,3,441,GH,กานา,1E,ทวีปแอฟริกา,19532.0,200.0
2021-08,2021,8,3,478,ZA,แอฟริกาใต้,1E,ทวีปแอฟริกา,19532.0,200.0
2021-08,2021,8,3,272,PH,ฟิลิปปินส์,1A,ทวีปเอเชีย,0.0,0.0
2021-08,2021,8,3,341,KZ,คาซัคสถาน,1A,ทวีปเอเชีย,2545.0,10.0
2021-09,2021,9,3,302,CN,จีน,1A,ทวีปเอเชีย,4085887863.0,30961783.0
2021-09,2021,9,3,303,HK,ฮ่องกง,1A,ทวีปเอเชีย,3198267.0,32146.0
2021-09,2021,9,3,274,VN,เวียดนาม,1A,ทวีปเอเชีย,76320000.0,1214400.0
2021-09,2021,9,3,373,US,สหรัฐอเมริกา,1C,ทวีปอเมริกาเหนือ,15576753.0,36234.0
2021-09,2021,9,3,309,TW,ไต้หวัน,1A,ทวีปเอเชีย,50305.0,1102.0
2021-09,2021,9,3,271,MY,มาเลเซีย,1A,ทวีปเอเชีย,10779000.0,284400.0
2021-09,2021,9,3,306,KR,เกาหลีใต้,1A,ทวีปเอเชีย,6175930.0,77088.0
2021-09,2021,9,3,304,JP,ญี่ปุ่น,1A,ทวีปเอเชีย,3512478.0,12105.0
2021-09,2021,9,3,483,AU,ออสเตรเลีย,1F,ทวีปออสเตรเลีย,1867641.0,2890.0
2021-09,2021,9,3,320,GB,สหราชอาณาจักร,1B,ทวีปยุโรป,1302129.0,3881.0
2021-09,2021,9,3,269,LA,สปป. ลาว,1A,ทวีปเอเชีย,103220.0,5140.0
2021-09,2021,9,3,497,NZ,นิวซีแลนด์,1F,ทวีปออสเตรเลีย,1045596.0,1585.0
2021-09,2021,9,3,366,NO,นอร์เวย์,1B,ทวีปยุโรป,846265.0,2126.0
2021-09,2021,9,3,336,CZ,สาธารณรัฐเช็ก,1B,ทวีปยุโรป,134610.0,1063.0
2021-09,2021,9,3,273,SG,สิงคโปร์,1A,ทวีปเอเชีย,40410.0,990.0
2021-09,2021,9,3,356,CH,สวิตเซอร์แลนด์,1B,ทวีปยุโรป,604247.0,1079.0
2021-09,2021,9,3,319,FR,ฝรั่งเศส,1B,ทวีปยุโรป,1412577.0,4127.0
2021-09,2021,9,3,325,NL,เนเธอร์แลนด์,1B,ทวีปยุโรป,598405.0,1611.0
2021-09,2021,9,3,315,DE,เยอรมนี,1B,ทวีปยุโรป,199055.0,867.0
2021-09,2021,9,3,323,IT,อิตาลี,1B,ทวีปยุโรป,1651616.0,5001.0
2021-09,2021,9,3,316,DK,เดนมาร์ก,1B,ทวีปยุโรป,159267.0,443.0
2021-09,2021,9,3,285,AE,สหรัฐอาหรับเอมิเรตส์,1A,ทวีปเอเชีย,243025.0,804.0
2021-09,2021,9,3,371,CA,แคนาดา,1C,ทวีปอเมริกาเหนือ,502995.0,911.0
2021-09,2021,9,3,327,SE,สวีเดน,1B,ทวีปยุโรป,928180.0,1917.0
2021-09,2021,9,3,317,ES,สเปน,1B,ทวีปยุโรป,417621.0,1177.0
2021-09,2021,9,3,266,BN,บรูไน,1A,ทวีปเอเชีย,0.0,0.0
2021-09,2021,9,3,318,FI,ฟินแลนด์,1B,ทวีปยุโรป,0.0,0.0
2021-09,2021,9,3,270,MM,เมียนมา,1A,ทวีปเอเชีย,0.0,0.0
2021-09,2021,9,3,345,RU,รัสเซีย,1B,ทวีปยุโรป,37482.0,124.0
2021-09,2021,9,3,294,OM,โอมาน,1A,ทวีปเอเชีย,438209.0,826.0
2021-09,2021,9,3,313,BE,เบลเยียม,1B,ทวีปยุโรป,24036.0,135.0
2021-09,2021,9,3,296,SA,ซาอุดีอาระเบีย,1A,ทวีปเอเชีย,47316.0,267.0
2021-09,2021,9,3,295,QA,กาตาร์,1A,ทวีปเอเชีย,80692.0,522.0
2021-09,2021,9,3,292,KW,คูเวต,1A,ทวีปเอเชีย,63932.0,307.0
2021-09,2021,9,3,286,BH,บาห์เรน,1A,ทวีปเอเชีย,95234.0,255.0
2021-09,2021,9,3,322,IE,ไอร์แลนด์,1B,ทวีปยุโรป,48456.0,135.0
2021-09,2021,9,3,343,PL,โปแลนด์,1B,ทวีปยุโรป,0.0,0.0
2021-09,2021,9,3,268,KH,กัมพูชา,1A,ทวีปเอเชีย,0.0,0.0
2021-09,2021,9,3,447,KE,เคนยา,1E,ทวีปแอฟริกา,145997.0,336.0
2021-09,2021,9,3,339,HU,ฮังการี,1B,ทวีปยุโรป,0.0,0.0
2021-09,2021,9,3,279,IN,อินเดีย,1A,ทวีปเอเชีย,330.0,20.0
2021-09,2021,9,3,312,AT,ออสเตรีย,1B,ทวีปยุโรป,0.0,0.0
2021-09,2021,9,3,267,ID,อินโดนีเซีย,1A,ทวีปเอเชีย,0.0,0.0
2021-09,2021,9,3,441,GH,กานา,1E,ทวีปแอฟริกา,0.0,0.0
2021-09,2021,9,3,478,ZA,แอฟริกาใต้,1E,ทวีปแอฟริกา,0.0,0.0
2021-09,2021,9,3,272,PH,ฟิลิปปินส์,1A,ทวีปเอเชีย,0.0,0.0
2021-09,2021,9,3,341,KZ,คาซัคสถาน,1A,ทวีปเอเชีย,0.0,0.0
2021-09,2021,9,3,437,EG,อียิปต์,1E,ทวีปแอฟริกา,1063.0,20.0
2021-10,2021,10,4,302,CN,จีน,1A,ทวีปเอเชีย,1513945359.0,9554670.0
2021-10,2021,10,4,303,HK,ฮ่องกง,1A,ทวีปเอเชีย,0.0,0.0
2021-10,2021,10,4,274,VN,เวียดนาม,1A,ทวีปเอเชีย,61281780.0,1042288.0
2021-10,2021,10,4,373,US,สหรัฐอเมริกา,1C,ทวีปอเมริกาเหนือ,5698571.0,18457.0
2021-10,2021,10,4,309,TW,ไต้หวัน,1A,ทวีปเอเชีย,308335.0,1200.0
2021-10,2021,10,4,271,MY,มาเลเซีย,1A,ทวีปเอเชีย,35000.0,1000.0
2021-10,2021,10,4,306,KR,เกาหลีใต้,1A,ทวีปเอเชีย,4290762.0,35863.0
2021-10,2021,10,4,304,JP,ญี่ปุ่น,1A,ทวีปเอเชีย,265192.0,1200.0
2021-10,2021,10,4,483,AU,ออสเตรเลีย,1F,ทวีปออสเตรเลีย,1015667.0,1370.0
2021-10,2021,10,4,320,GB,สหราชอาณาจักร,1B,ทวีปยุโรป,440100.0,2672.0
2021-10,2021,10,4,269,LA,สปป. ลาว,1A,ทวีปเอเชีย,50300.0,2920.0
2021-10,2021,10,4,497,NZ,นิวซีแลนด์,1F,ทวีปออสเตรเลีย,1382405.0,2091.0
2021-10,2021,10,4,366,NO,นอร์เวย์,1B,ทวีปยุโรป,699241.0,1319.0
2021-10,2021,10,4,336,CZ,สาธารณรัฐเช็ก,1B,ทวีปยุโรป,141455.0,609.0
2021-10,2021,10,4,273,SG,สิงคโปร์,1A,ทวีปเอเชีย,4688.0,200.0
2021-10,2021,10,4,356,CH,สวิตเซอร์แลนด์,1B,ทวีปยุโรป,24002.0,133.0
2021-10,2021,10,4,319,FR,ฝรั่งเศส,1B,ทวีปยุโรป,0.0,0.0
2021-10,2021,10,4,323,IT,อิตาลี,1B,ทวีปยุโรป,2722125.0,7648.0
2021-10,2021,10,4,325,NL,เนเธอร์แลนด์,1B,ทวีปยุโรป,0.0,0.0
2021-10,2021,10,4,315,DE,เยอรมนี,1B,ทวีปยุโรป,40200.0,350.0
2021-10,2021,10,4,316,DK,เดนมาร์ก,1B,ทวีปยุโรป,18013.0,142.0
2021-10,2021,10,4,285,AE,สหรัฐอาหรับเอมิเรตส์,1A,ทวีปเอเชีย,131747.0,832.0
2021-10,2021,10,4,371,CA,แคนาดา,1C,ทวีปอเมริกาเหนือ,112110.0,300.0
2021-10,2021,10,4,327,SE,สวีเดน,1B,ทวีปยุโรป,9208.0,69.0
2021-10,2021,10,4,317,ES,สเปน,1B,ทวีปยุโรป,203672.0,572.0
2021-10,2021,10,4,266,BN,บรูไน,1A,ทวีปเอเชีย,0.0,0.0
2021-10,2021,10,4,318,FI,ฟินแลนด์,1B,ทวีปยุโรป,0.0,0.0
2021-10,2021,10,4,270,MM,เมียนมา,1A,ทวีปเอเชีย,0.0,0.0
2021-10,2021,10,4,294,OM,โอมาน,1A,ทวีปเอเชีย,195083.0,531.0
2021-10,2021,10,4,345,RU,รัสเซีย,1B,ทวีปยุโรป,15810.0,52.0
2021-10,2021,10,4,296,SA,ซาอุดีอาระเบีย,1A,ทวีปเอเชีย,173878.0,733.0
2021-10,2021,10,4,313,BE,เบลเยียม,1B,ทวีปยุโรป,20400.0,30.0
2021-10,2021,10,4,295,QA,กาตาร์,1A,ทวีปเอเชีย,63607.0,405.0
2021-10,2021,10,4,286,BH,บาห์เรน,1A,ทวีปเอเชีย,108358.0,252.0
2021-10,2021,10,4,292,KW,คูเวต,1A,ทวีปเอเชีย,59480.0,318.0
2021-10,2021,10,4,322,IE,ไอร์แลนด์,1B,ทวีปยุโรป,30191.0,90.0
2021-10,2021,10,4,447,KE,เคนยา,1E,ทวีปแอฟริกา,89948.0,222.0
2021-10,2021,10,4,343,PL,โปแลนด์,1B,ทวีปยุโรป,0.0,0.0
2021-10,2021,10,4,268,KH,กัมพูชา,1A,ทวีปเอเชีย,0.0,0.0
2021-10,2021,10,4,339,HU,ฮังการี,1B,ทวีปยุโรป,0.0,0.0
2021-10,2021,10,4,279,IN,อินเดีย,1A,ทวีปเอเชีย,0.0,0.0
2021-10,2021,10,4,312,AT,ออสเตรีย,1B,ทวีปยุโรป,0.0,0.0
2021-10,2021,10,4,267,ID,อินโดนีเซีย,1A,ทวีปเอเชีย,0.0,0.0
2021-10,2021,10,4,478,ZA,แอฟริกาใต้,1E,ทวีปแอฟริกา,16327.0,900.0
2021-10,2021,10,4,441,GH,กานา,1E,ทวีปแอฟริกา,0.0,0.0
2021-10,2021,10,4,272,PH,ฟิลิปปินส์,1A,ทวีปเอเชีย,0.0,0.0
2021-10,2021,10,4,341,KZ,คาซัคสถาน,1A,ทวีปเอเชีย,0.0,0.0
2021-10,2021,10,4,437,EG,อียิปต์,1E,ทวีปแอฟริกา,0.0,0.0
2021-11,2021,11,4,302,CN,จีน,1A,ทวีปเอเชีย,2116320017.0,12797694.0
2021-11,2021,11,4,303,HK,ฮ่องกง,1A,ทวีปเอเชีย,3524865.0,30273.0
2021-11,2021,11,4,274,VN,เวียดนาม,1A,ทวีปเอเชีย,48988050.0,816255.0
2021-11,2021,11,4,373,US,สหรัฐอเมริกา,1C,ทวีปอเมริกาเหนือ,2938363.0,11638.0
2021-11,2021,11,4,309,TW,ไต้หวัน,1A,ทวีปเอเชีย,0.0,0.0
2021-11,2021,11,4,271,MY,มาเลเซีย,1A,ทวีปเอเชีย,0.0,0.0
2021-11,2021,11,4,306,KR,เกาหลีใต้,1A,ทวีปเอเชีย,2789464.0,18074.0
2021-11,2021,11,4,304,JP,ญี่ปุ่น,1A,ทวีปเอเชีย,1410745.0,4487.0
2021-11,2021,11,4,483,AU,ออสเตรเลีย,1F,ทวีปออสเตรเลีย,538090.0,1567.0
2021-11,2021,11,4,320,GB,สหราชอาณาจักร,1B,ทวีปยุโรป,215626.0,1263.0
2021-11,2021,11,4,269,LA,สปป. ลาว,1A,ทวีปเอเชีย,39500.0,2750.0
2021-11,2021,11,4,497,NZ,นิวซีแลนด์,1F,ทวีปออสเตรเลีย,17856.0,180.0
2021-11,2021,11,4,366,NO,นอร์เวย์,1B,ทวีปยุโรป,287077.0,542.0
2021-11,2021,11,4,336,CZ,สาธารณรัฐเช็ก,1B,ทวีปยุโรป,85472.0,319.0
2021-11,2021,11,4,273,SG,สิงคโปร์,1A,ทวีปเอเชีย,0.0,0.0
2021-11,2021,11,4,356,CH,สวิตเซอร์แลนด์,1B,ทวีปยุโรป,51513.0,89.0
2021-11,2021,11,4,319,FR,ฝรั่งเศส,1B,ทวีปยุโรป,230626.0,652.0
2021-11,2021,11,4,323,IT,อิตาลี,1B,ทวีปยุโรป,1817872.0,5139.0
2021-11,2021,11,4,325,NL,เนเธอร์แลนด์,1B,ทวีปยุโรป,0.0,0.0
2021-11,2021,11,4,315,DE,เยอรมนี,1B,ทวีปยุโรป,54480.0,472.0
2021-11,2021,11,4,316,DK,เดนมาร์ก,1B,ทวีปยุโรป,2924.0,23.0
2021-11,2021,11,4,285,AE,สหรัฐอาหรับเอมิเรตส์,1A,ทวีปเอเชีย,149087.0,1075.0
2021-11,2021,11,4,371,CA,แคนาดา,1C,ทวีปอเมริกาเหนือ,112110.0,300.0
2021-11,2021,11,4,327,SE,สวีเดน,1B,ทวีปยุโรป,403966.0,531.0
2021-11,2021,11,4,317,ES,สเปน,1B,ทวีปยุโรป,288539.0,816.0
2021-11,2021,11,4,266,BN,บรูไน,1A,ทวีปเอเชีย,0.0,0.0
2021-11,2021,11,4,318,FI,ฟินแลนด์,1B,ทวีปยุโรป,40719.0,52.0
2021-11,2021,11,4,294,OM,โอมาน,1A,ทวีปเอเชีย,311020.0,545.0
2021-11,2021,11,4,270,MM,เมียนมา,1A,ทวีปเอเชีย,0.0,0.0
2021-11,2021,11,4,345,RU,รัสเซีย,1B,ทวีปยุโรป,11645.0,55.0
2021-11,2021,11,4,296,SA,ซาอุดีอาระเบีย,1A,ทวีปเอเชีย,49213.0,307.0
2021-11,2021,11,4,313,BE,เบลเยียม,1B,ทวีปยุโรป,0.0,0.0
2021-11,2021,11,4,295,QA,กาตาร์,1A,ทวีปเอเชีย,65376.0,405.0
2021-11,2021,11,4,292,KW,คูเวต,1A,ทวีปเอเชีย,102073.0,249.0
2021-11,2021,11,4,286,BH,บาห์เรน,1A,ทวีปเอเชีย,67700.0,222.0
2021-11,2021,11,4,322,IE,ไอร์แลนด์,1B,ทวีปยุโรป,49528.0,150.0
2021-11,2021,11,4,447,KE,เคนยา,1E,ทวีปแอฟริกา,0.0,0.0
2021-11,2021,11,4,343,PL,โปแลนด์,1B,ทวีปยุโรป,0.0,0.0
2021-11,2021,11,4,268,KH,กัมพูชา,1A,ทวีปเอเชีย,0.0,0.0
2021-11,2021,11,4,339,HU,ฮังการี,1B,ทวีปยุโรป,0.0,0.0
2021-11,2021,11,4,279,IN,อินเดีย,1A,ทวีปเอเชีย,828.0,50.0
2021-11,2021,11,4,312,AT,ออสเตรีย,1B,ทวีปยุโรป,0.0,0.0
2021-11,2021,11,4,267,ID,อินโดนีเซีย,1A,ทวีปเอเชีย,0.0,0.0
2021-11,2021,11,4,478,ZA,แอฟริกาใต้,1E,ทวีปแอฟริกา,0.0,0.0
2021-11,2021,11,4,441,GH,กานา,1E,ทวีปแอฟริกา,0.0,0.0
2021-11,2021,11,4,341,KZ,คาซัคสถาน,1A,ทวีปเอเชีย,9402.0,30.0
2021-11,2021,11,4,272,PH,ฟิลิปปินส์,1A,ทวีปเอเชีย,0.0,0.0
2021-11,2021,11,4,437,EG,อียิปต์,1E,ทวีปแอฟริกา,0.0,0.0
2021-12,2021,12,4,302,CN,จีน,1A,ทวีปเอเชีย,2761061326.0,16551615.0
2021-12,2021,12,4,303,HK,ฮ่องกง,1A,ทวีปเอเชีย,51639685.0,374897.0
2021-12,2021,12,4,274,VN,เวียดนาม,1A,ทวีปเอเชีย,21463200.0,387720.0
2021-12,2021,12,4,373,US,สหรัฐอเมริกา,1C,ทวีปอเมริกาเหนือ,13410202.0,30937.0
2021-12,2021,12,4,309,TW,ไต้หวัน,1A,ทวีปเอเชีย,0.0,0.0
2021-12,2021,12,4,271,MY,มาเลเซีย,1A,ทวีปเอเชีย,0.0,0.0
2021-12,2021,12,4,306,KR,เกาหลีใต้,1A,ทวีปเอเชีย,3067518.0,19979.0
2021-12,2021,12,4,304,JP,ญี่ปุ่น,1A,ทวีปเอเชีย,1084704.0,3576.0
2021-12,2021,12,4,483,AU,ออสเตรเลีย,1F,ทวีปออสเตรเลีย,194545.0,502.0
2021-12,2021,12,4,320,GB,สหราชอาณาจักร,1B,ทวีปยุโรป,273745.0,1408.0
2021-12,2021,12,4,269,LA,สปป. ลาว,1A,ทวีปเอเชีย,32000.0,1600.0
2021-12,2021,12,4,497,NZ,นิวซีแลนด์,1F,ทวีปออสเตรเลีย,0.0,0.0
2021-12,2021,12,4,366,NO,นอร์เวย์,1B,ทวีปยุโรป,184345.0,454.0
2021-12,2021,12,4,336,CZ,สาธารณรัฐเช็ก,1B,ทวีปยุโรป,138420.0,675.0
2021-12,2021,12,4,323,IT,อิตาลี,1B,ทวีปยุโรป,1184680.0,3512.0
2021-12,2021,12,4,273,SG,สิงคโปร์,1A,ทวีปเอเชีย,0.0,0.0
2021-12,2021,12,4,356,CH,สวิตเซอร์แลนด์,1B,ทวีปยุโรป,79169.0,125.0
2021-12,2021,12,4,319,FR,ฝรั่งเศส,1B,ทวีปยุโรป,164770.0,201.0
2021-12,2021,12,4,325,NL,เนเธอร์แลนด์,1B,ทวีปยุโรป,284511.0,380.0
2021-12,2021,12,4,315,DE,เยอรมนี,1B,ทวีปยุโรป,97766.0,698.0
2021-12,2021,12,4,316,DK,เดนมาร์ก,1B,ทวีปยุโรป,66006.0,116.0
2021-12,2021,12,4,285,AE,สหรัฐอาหรับเอมิเรตส์,1A,ทวีปเอเชีย,163082.0,902.0
2021-12,2021,12,4,371,CA,แคนาดา,1C,ทวีปอเมริกาเหนือ,278765.0,907.0
2021-12,2021,12,4,327,SE,สวีเดน,1B,ทวีปยุโรป,92414.0,140.0
2021-12,2021,12,4,317,ES,สเปน,1B,ทวีปยุโรป,0.0,0.0
2021-12,2021,12,4,270,MM,เมียนมา,1A,ทวีปเอเชีย,428000.0,4000.0
2021-12,2021,12,4,294,OM,โอมาน,1A,ทวีปเอเชีย,166727.0,234.0
2021-12,2021,12,4,266,BN,บรูไน,1A,ทวีปเอเชีย,0.0,0.0
2021-12,2021,12,4,318,FI,ฟินแลนด์,1B,ทวีปยุโรป,0.0,0.0
2021-12,2021,12,4,345,RU,รัสเซีย,1B,ทวีปยุโรป,21728.0,121.0
2021-12,2021,12,4,296,SA,ซาอุดีอาระเบีย,1A,ทวีปเอเชีย,68106.0,358.0
2021-12,2021,12,4,286,BH,บาห์เรน,1A,ทวีปเอเชีย,156867.0,395.0
2021-12,2021,12,4,292,KW,คูเวต,1A,ทวีปเอเชีย,83649.0,230.0
2021-12,2021,12,4,295,QA,กาตาร์,1A,ทวีปเอเชีย,69267.0,361.0
2021-12,2021,12,4,313,BE,เบลเยียม,1B,ทวีปยุโรป,0.0,0.0
2021-12,2021,12,4,322,IE,ไอร์แลนด์,1B,ทวีปยุโรป,32594.0,105.0
2021-12,2021,12,4,447,KE,เคนยา,1E,ทวีปแอฟริกา,0.0,0.0
2021-12,2021,12,4,343,PL,โปแลนด์,1B,ทวีปยุโรป,0.0,0.0
2021-12,2021,12,4,268,KH,กัมพูชา,1A,ทวีปเอเชีย,0.0,0.0
2021-12,2021,12,4,339,HU,ฮังการี,1B,ทวีปยุโรป,0.0,0.0
2021-12,2021,12,4,279,IN,อินเดีย,1A,ทวีปเอเชีย,0.0,0.0
2021-12,2021,12,4,312,AT,ออสเตรีย,1B,ทวีปยุโรป,0.0,0.0
2021-12,2021,12,4,267,ID,อินโดนีเซีย,1A,ทวีปเอเชีย,0.0,0.0
2021-12,2021,12,4,478,ZA,แอฟริกาใต้,1E,ทวีปแอฟริกา,0.0,0.0
2021-12,2021,12,4,341,KZ,คาซัคสถาน,1A,ทวีปเอเชีย,10284.0,30.0
2021-12,2021,12,4,441,GH,กานา,1E,ทวีปแอฟริกา,0.0,0.0
2021-12,2021,12,4,272,PH,ฟิลิปปินส์,1A,ทวีปเอเชีย,0.0,0.0
2021-12,2021,12,4,437,EG,อียิปต์,1E,ทวีปแอฟริกา,0.0,0.0
2022-01,2022,1,1,302,CN,จีน,1A,ทวีปเอเชีย,1530703872.0,8509667.0
2022-01,2022,1,1,303,HK,ฮ่องกง,1A,ทวีปเอเชีย,30726028.0,155570.0
2022-01,2022,1,1,373,US,สหรัฐอเมริกา,1C,ทวีปอเมริกาเหนือ,3992583.0,15712.0
2022-01,2022,1,1,306,KR,เกาหลีใต้,1A,ทวีปเอเชีย,3487094.0,21768.0
2022-01,2022,1,1,304,JP,ญี่ปุ่น,1A,ทวีปเอเชีย,2163847.0,7008.0
2022-01,2022,1,1,323,IT,อิตาลี,1B,ทวีปยุโรป,1015720.0,2940.0
2022-01,2022,1,1,483,AU,ออสเตรเลีย,1F,ทวีปออสเตรเลีย,874419.0,1197.0
2022-01,2022,1,1,325,NL,เนเธอร์แลนด์,1B,ทวีปยุโรป,734113.0,1246.0
2022-01,2022,1,1,319,FR,ฝรั่งเศส,1B,ทวีปยุโรป,467255.0,858.0
2022-01,2022,1,1,270,MM,เมียนมา,1A,ทวีปเอเชีย,440000.0,5000.0
2022-01,2022,1,1,285,AE,สหรัฐอาหรับเอมิเรตส์,1A,ทวีปเอเชีย,432309.0,2581.0
2022-01,2022,1,1,327,SE,สวีเดน,1B,ทวีปยุโรป,408000.0,515.0
2022-01,2022,1,1,356,CH,สวิตเซอร์แลนด์,1B,ทวีปยุโรป,322378.0,343.0
2022-01,2022,1,1,315,DE,เยอรมนี,1B,ทวีปยุโรป,286380.0,987.0
2022-01,2022,1,1,320,GB,สหราชอาณาจักร,1B,ทวีปยุโรป,257799.0,1554.0
2022-01,2022,1,1,294,OM,โอมาน,1A,ทวีปเอเชีย,250440.0,320.0
2022-01,2022,1,1,366,NO,นอร์เวย์,1B,ทวีปยุโรป,227486.0,439.0
2022-01,2022,1,1,269,LA,สปป. ลาว,1A,ทวีปเอเชีย,130000.0,1000.0
2022-01,2022,1,1,309,TW,ไต้หวัน,1A,ทวีปเอเชีย,122000.0,1220.0
2022-01,2022,1,1,318,FI,ฟินแลนด์,1B,ทวีปยุโรป,103945.0,121.0
2022-01,2022,1,1,345,RU,รัสเซีย,1B,ทวีปยุโรป,80321.0,287.0
2022-01,2022,1,1,336,CZ,สาธารณรัฐเช็ก,1B,ทวีปยุโรป,66494.0,215.0
2022-01,2022,1,1,296,SA,ซาอุดีอาระเบีย,1A,ทวีปเอเชีย,66329.0,346.0
2022-01,2022,1,1,295,QA,กาตาร์,1A,ทวีปเอเชีย,58338.0,305.0
2022-01,2022,1,1,371,CA,แคนาดา,1C,ทวีปอเมริกาเหนือ,43200.0,216.0
2022-01,2022,1,1,292,KW,คูเวต,1A,ทวีปเอเชีย,42122.0,221.0
2022-01,2022,1,1,322,IE,ไอร์แลนด์,1B,ทวีปยุโรป,19375.0,60.0
2022-01,2022,1,1,286,BH,บาห์เรน,1A,ทวีปเอเชีย,16976.0,89.0
2022-01,2022,1,1,273,SG,สิงคโปร์,1A,ทวีปเอเชีย,5250.0,15.0
2022-02,2022,2,1,302,CN,จีน,1A,ทวีปเอเชีย,219616683.0,1388806.0
2022-02,2022,2,1,303,HK,ฮ่องกง,1A,ทวีปเอเชีย,0.0,0.0
2022-02,2022,2,1,373,US,สหรัฐอเมริกา,1C,ทวีปอเมริกาเหนือ,3900398.0,15146.0
2022-02,2022,2,1,306,KR,เกาหลีใต้,1A,ทวีปเอเชีย,3244442.0,15070.0
2022-02,2022,2,1,304,JP,ญี่ปุ่น,1A,ทวีปเอเชีย,81240.0,990.0
2022-02,2022,2,1,308,MO,มาเก๊า,1A,ทวีปเอเชีย,2205800.0,6000.0
2022-02,2022,2,1,483,AU,ออสเตรเลีย,1F,ทวีปออสเตรเลีย,551095.0,901.0
2022-02,2022,2,1,323,IT,อิตาลี,1B,ทวีปยุโรป,30038.0,34.0
2022-02,2022,2,1,325,NL,เนเธอร์แลนด์,1B,ทวีปยุโรป,259304.0,298.0
2022-02,2022,2,1,285,AE,สหรัฐอาหรับเอมิเรตส์,1A,ทวีปเอเชีย,278530.0,1155.0
2022-02,2022,2,1,319,FR,ฝรั่งเศส,1B,ทวีปยุโรป,229074.0,263.0
2022-02,2022,2,1,327,SE,สวีเดน,1B,ทวีปยุโรป,146373.0,181.0
2022-02,2022,2,1,315,DE,เยอรมนี,1B,ทวีปยุโรป,155555.0,599.0
2022-02,2022,2,1,270,MM,เมียนมา,1A,ทวีปเอเชีย,0.0,0.0
2022-02,2022,2,1,366,NO,นอร์เวย์,1B,ทวีปยุโรป,206332.0,368.0
2022-02,2022,2,1,356,CH,สวิตเซอร์แลนด์,1B,ทวีปยุโรป,61132.0,67.0
2022-02,2022,2,1,320,GB,สหราชอาณาจักร,1B,ทวีปยุโรป,116681.0,878.0
2022-02,2022,2,1,294,OM,โอมาน,1A,ทวีปเอเชีย,114722.0,182.0
2022-02,2022,2,1,345,RU,รัสเซีย,1B,ทวีปยุโรป,78101.0,395.0
2022-02,2022,2,1,309,TW,ไต้หวัน,1A,ทวีปเอเชีย,10600.0,39.0
2022-02,2022,2,1,269,LA,สปป. ลาว,1A,ทวีปเอเชีย,0.0,0.0
2022-02,2022,2,1,336,CZ,สาธารณรัฐเช็ก,1B,ทวีปยุโรป,62809.0,212.0
2022-02,2022,2,1,296,SA,ซาอุดีอาระเบีย,1A,ทวีปเอเชีย,62453.0,331.0
2022-02,2022,2,1,318,FI,ฟินแลนด์,1B,ทวีปยุโรป,9402.0,11.0
2022-02,2022,2,1,295,QA,กาตาร์,1A,ทวีปเอเชีย,50515.0,251.0
2022-02,2022,2,1,292,KW,คูเวต,1A,ทวีปเอเชีย,41159.0,193.0
2022-02,2022,2,1,371,CA,แคนาดา,1C,ทวีปอเมริกาเหนือ,26400.0,132.0
2022-02,2022,2,1,286,BH,บาห์เรน,1A,ทวีปเอเชีย,26405.0,140.0
2022-02,2022,2,1,322,IE,ไอร์แลนด์,1B,ทวีปยุโรป,12803.0,40.0
2022-02,2022,2,1,316,DK,เดนมาร์ก,1B,ทวีปยุโรป,24000.0,48.0
2022-02,2022,2,1,273,SG,สิงคโปร์,1A,ทวีปเอเชีย,0.0,0.0
2022-03,2022,3,1,302,CN,จีน,1A,ทวีปเอเชีย,1735353000.0,11641892.0
2022-03,2022,3,1,303,HK,ฮ่องกง,1A,ทวีปเอเชีย,27710910.0,123642.0
2022-03,2022,3,1,373,US,สหรัฐอเมริกา,1C,ทวีปอเมริกาเหนือ,3587502.0,17540.0
2022-03,2022,3,1,306,KR,เกาหลีใต้,1A,ทวีปเอเชีย,732013.0,9339.0
2022-03,2022,3,1,304,JP,ญี่ปุ่น,1A,ทวีปเอเชีย,0.0,0.0
2022-03,2022,3,1,308,MO,มาเก๊า,1A,ทวีปเอเชีย,0.0,0.0
2022-03,2022,3,1,483,AU,ออสเตรเลีย,1F,ทวีปออสเตรเลีย,219849.0,499.0
2022-03,2022,3,1,323,IT,อิตาลี,1B,ทวีปยุโรป,500929.0,1406.0
2022-03,2022,3,1,285,AE,สหรัฐอาหรับเอมิเรตส์,1A,ทวีปเอเชีย,463511.0,1449.0
2022-03,2022,3,1,319,FR,ฝรั่งเศส,1B,ทวีปยุโรป,313799.0,881.0
2022-03,2022,3,1,325,NL,เนเธอร์แลนด์,1B,ทวีปยุโรป,0.0,0.0
2022-03,2022,3,1,315,DE,เยอรมนี,1B,ทวีปยุโรป,181171.0,608.0
2022-03,2022,3,1,327,SE,สวีเดน,1B,ทวีปยุโรป,0.0,0.0
2022-03,2022,3,1,294,OM,โอมาน,1A,ทวีปเอเชีย,150196.0,355.0
2022-03,2022,3,1,366,NO,นอร์เวย์,1B,ทวีปยุโรป,49783.0,64.0
2022-03,2022,3,1,270,MM,เมียนมา,1A,ทวีปเอเชีย,20000.0,800.0
2022-03,2022,3,1,320,GB,สหราชอาณาจักร,1B,ทวีปยุโรป,71499.0,600.0
2022-03,2022,3,1,356,CH,สวิตเซอร์แลนด์,1B,ทวีปยุโรป,750.0,10.0
2022-03,2022,3,1,271,MY,มาเลเซีย,1A,ทวีปเอเชีย,300000.0,6000.0
2022-03,2022,3,1,296,SA,ซาอุดีอาระเบีย,1A,ทวีปเอเชีย,88264.0,480.0
2022-03,2022,3,1,317,ES,สเปน,1B,ทวีปยุโรป,202031.0,567.0
2022-03,2022,3,1,345,RU,รัสเซีย,1B,ทวีปยุโรป,6727.0,31.0
2022-03,2022,3,1,336,CZ,สาธารณรัฐเช็ก,1B,ทวีปยุโรป,22689.0,155.0
2022-03,2022,3,1,295,QA,กาตาร์,1A,ทวีปเอเชีย,31388.0,170.0
2022-03,2022,3,1,309,TW,ไต้หวัน,1A,ทวีปเอเชีย,0.0,0.0
2022-03,2022,3,1,269,LA,สปป. ลาว,1A,ทวีปเอเชีย,0.0,0.0
2022-03,2022,3,1,292,KW,คูเวต,1A,ทวีปเอเชีย,31806.0,150.0
2022-03,2022,3,1,318,FI,ฟินแลนด์,1B,ทวีปยุโรป,0.0,0.0
2022-03,2022,3,1,371,CA,แคนาดา,1C,ทวีปอเมริกาเหนือ,1278.0,5.0
2022-03,2022,3,1,286,BH,บาห์เรน,1A,ทวีปเอเชีย,9905.0,54.0
2022-03,2022,3,1,322,IE,ไอร์แลนด์,1B,ทวีปยุโรป,12577.0,16.0
2022-03,2022,3,1,316,DK,เดนมาร์ก,1B,ทวีปยุโรป,0.0,0.0
2022-03,2022,3,1,273,SG,สิงคโปร์,1A,ทวีปเอเชีย,0.0,0.0
2022-04,2022,4,2,302,CN,จีน,1A,ทวีปเอเชีย,18104681563.0,127509085.0
2022-04,2022,4,2,303,HK,ฮ่องกง,1A,ทวีปเอเชีย,464112839.0,3629010.0
2022-04,2022,4,2,309,TW,ไต้หวัน,1A,ทวีปเอเชีย,143187894.0,1161219.0
2022-04,2022,4,2,373,US,สหรัฐอเมริกา,1C,ทวีปอเมริกาเหนือ,20883864.0,62477.0
2022-04,2022,4,2,306,KR,เกาหลีใต้,1A,ทวีปเอเชีย,23405098.0,298743.0
2022-04,2022,4,2,271,MY,มาเลเซีย,1A,ทวีปเอเชีย,29666500.0,700700.0
2022-04,2022,4,2,304,JP,ญี่ปุ่น,1A,ทวีปเอเชีย,6556584.0,26381.0
2022-04,2022,4,2,483,AU,ออสเตรเลีย,1F,ทวีปออสเตรเลีย,6699255.0,7618.0
2022-04,2022,4,2,285,AE,สหรัฐอาหรับเอมิเรตส์,1A,ทวีปเอเชีย,2187602.0,7310.0
2022-04,2022,4,2,319,FR,ฝรั่งเศส,1B,ทวีปยุโรป,2268371.0,7648.0
2022-04,2022,4,2,323,IT,อิตาลี,1B,ทวีปยุโรป,1507133.0,5016.0
2022-04,2022,4,2,315,DE,เยอรมนี,1B,ทวีปยุโรป,1758583.0,3285.0
2022-04,2022,4,2,308,MO,มาเก๊า,1A,ทวีปเอเชีย,0.0,0.0
2022-04,2022,4,2,325,NL,เนเธอร์แลนด์,1B,ทวีปยุโรป,1032444.0,2253.0
2022-04,2022,4,2,320,GB,สหราชอาณาจักร,1B,ทวีปยุโรป,1464623.0,5062.0
2022-04,2022,4,2,366,NO,นอร์เวย์,1B,ทวีปยุโรป,1001992.0,2607.0
2022-04,2022,4,2,371,CA,แคนาดา,1C,ทวีปอเมริกาเหนือ,1404599.0,1703.0
2022-04,2022,4,2,327,SE,สวีเดน,1B,ทวีปยุโรป,917097.0,264.0
2022-04,2022,4,2,273,SG,สิงคโปร์,1A,ทวีปเอเชีย,1375000.0,25000.0
2022-04,2022,4,2,316,DK,เดนมาร์ก,1B,ทวีปยุโรป,837766.0,1779.0
2022-04,2022,4,2,356,CH,สวิตเซอร์แลนด์,1B,ทวีปยุโรป,436064.0,888.0
2022-04,2022,4,2,270,MM,เมียนมา,1A,ทวีปเอเชีย,330000.0,3000.0
2022-04,2022,4,2,336,CZ,สาธารณรัฐเช็ก,1B,ทวีปยุโรป,506227.0,3585.0
2022-04,2022,4,2,294,OM,โอมาน,1A,ทวีปเอเชีย,73330.0,233.0
2022-04,2022,4,2,296,SA,ซาอุดีอาระเบีย,1A,ทวีปเอเชีย,36883.0,196.0
2022-04,2022,4,2,317,ES,สเปน,1B,ทวีปยุโรป,0.0,0.0
2022-04,2022,4,2,295,QA,กาตาร์,1A,ทวีปเอเชีย,36366.0,190.0
2022-04,2022,4,2,345,RU,รัสเซีย,1B,ทวีปยุโรป,0.0,0.0
2022-04,2022,4,2,292,KW,คูเวต,1A,ทวีปเอเชีย,36507.0,204.0
2022-04,2022,4,2,274,VN,เวียดนาม,1A,ทวีปเอเชีย,150000.0,3000.0
2022-04,2022,4,2,318,FI,ฟินแลนด์,1B,ทวีปยุโรป,22834.0,37.0
2022-04,2022,4,2,269,LA,สปป. ลาว,1A,ทวีปเอเชีย,0.0,0.0
2022-04,2022,4,2,322,IE,ไอร์แลนด์,1B,ทวีปยุโรป,41010.0,50.0
2022-04,2022,4,2,286,BH,บาห์เรน,1A,ทวีปเอเชีย,22906.0,120.0
2022-04,2022,4,2,313,BE,เบลเยียม,1B,ทวีปยุโรป,54923.0,256.0
2022-04,2022,4,2,312,AT,ออสเตรีย,1B,ทวีปยุโรป,30660.0,44.0
2022-04,2022,4,2,341,KZ,คาซัคสถาน,1A,ทวีปเอเชีย,6547.0,20.0
2022-05,2022,5,2,302,CN,จีน,1A,ทวีปเอเชีย,32826622717.0,257798161.0
2022-05,2022,5,2,303,HK,ฮ่องกง,1A,ทวีปเอเชีย,1618476392.0,13217468.0
2022-05,2022,5,2,309,TW,ไต้หวัน,1A,ทวีปเอเชีย,130479647.0,1155366.0
2022-05,2022,5,2,271,MY,มาเลเซีย,1A,ทวีปเอเชีย,80799000.0,1571300.0
2022-05,2022,5,2,306,KR,เกาหลีใต้,1A,ทวีปเอเชีย,71993651.0,744762.0
2022-05,2022,5,2,373,US,สหรัฐอเมริกา,1C,ทวีปอเมริกาเหนือ,62411999.0,171501.0
2022-05,2022,5,2,483,AU,ออสเตรเลีย,1F,ทวีปออสเตรเลีย,14117161.0,20643.0
2022-05,2022,5,2,304,JP,ญี่ปุ่น,1A,ทวีปเอเชีย,13493653.0,53060.0
2022-05,2022,5,2,274,VN,เวียดนาม,1A,ทวีปเอเชีย,13882698.0,109400.0
2022-05,2022,5,2,319,FR,ฝรั่งเศส,1B,ทวีปยุโรป,5660068.0,18638.0
2022-05,2022,5,2,285,AE,สหรัฐอาหรับเอมิเรตส์,1A,ทวีปเอเชีย,4394195.0,13079.0
2022-05,2022,5,2,320,GB,สหราชอาณาจักร,1B,ทวีปยุโรป,5453245.0,17515.0
2022-05,2022,5,2,325,NL,เนเธอร์แลนด์,1B,ทวีปยุโรป,5182927.0,9496.0
2022-05,2022,5,2,315,DE,เยอรมนี,1B,ทวีปยุโรป,3832788.0,6004.0
2022-05,2022,5,2,323,IT,อิตาลี,1B,ทวีปยุโรป,3090184.0,12324.0
2022-05,2022,5,2,497,NZ,นิวซีแลนด์,1F,ทวีปออสเตรเลีย,5645590.0,11056.0
2022-05,2022,5,2,366,NO,นอร์เวย์,1B,ทวีปยุโรป,3273899.0,9545.0
2022-05,2022,5,2,371,CA,แคนาดา,1C,ทวีปอเมริกาเหนือ,2852312.0,6701.0
2022-05,2022,5,2,327,SE,สวีเดน,1B,ทวีปยุโรป,1887923.0,5449.0
2022-05,2022,5,2,268,KH,กัมพูชา,1A,ทวีปเอเชีย,3264000.0,65890.0
2022-05,2022,5,2,273,SG,สิงคโปร์,1A,ทวีปเอเชีย,1815300.0,33045.0
2022-05,2022,5,2,356,CH,สวิตเซอร์แลนด์,1B,ทวีปยุโรป,1842292.0,4082.0
2022-05,2022,5,2,308,MO,มาเก๊า,1A,ทวีปเอเชีย,0.0,0.0
2022-05,2022,5,2,317,ES,สเปน,1B,ทวีปยุโรป,1745439.0,6855.0
2022-05,2022,5,2,336,CZ,สาธารณรัฐเช็ก,1B,ทวีปยุโรป,1104125.0,6107.0
2022-05,2022,5,2,316,DK,เดนมาร์ก,1B,ทวีปยุโรป,897398.0,2181.0
2022-05,2022,5,2,294,OM,โอมาน,1A,ทวีปเอเชีย,289701.0,527.0
2022-05,2022,5,2,270,MM,เมียนมา,1A,ทวีปเอเชีย,0.0,0.0
2022-05,2022,5,2,296,SA,ซาอุดีอาระเบีย,1A,ทวีปเอเชีย,89203.0,410.0
2022-05,2022,5,2,295,QA,กาตาร์,1A,ทวีปเอเชีย,162133.0,533.0
2022-05,2022,5,2,322,IE,ไอร์แลนด์,1B,ทวีปยุโรป,229551.0,449.0
2022-05,2022,5,2,312,AT,ออสเตรีย,1B,ทวีปยุโรป,214200.0,396.0
2022-05,2022,5,2,318,FI,ฟินแลนด์,1B,ทวีปยุโรป,61493.0,83.0
2022-05,2022,5,2,292,KW,คูเวต,1A,ทวีปเอเชีย,46007.0,190.0
2022-05,2022,5,2,461,NG,ไนจีเรีย,1E,ทวีปแอฟริกา,193351.0,526.0
2022-05,2022,5,2,345,RU,รัสเซีย,1B,ทวีปยุโรป,6502.0,21.0
2022-05,2022,5,2,313,BE,เบลเยียม,1B,ทวีปยุโรป,105200.0,490.0
2022-05,2022,5,2,286,BH,บาห์เรน,1A,ทวีปเอเชีย,59289.0,243.0
2022-05,2022,5,2,266,BN,บรูไน,1A,ทวีปเอเชีย,135400.0,1076.0
2022-05,2022,5,2,269,LA,สปป. ลาว,1A,ทวีปเอเชีย,0.0,0.0
2022-05,2022,5,2,447,KE,เคนยา,1E,ทวีปแอฟริกา,108517.0,374.0
2022-05,2022,5,2,279,IN,อินเดีย,1A,ทวีปเอเชีย,7101.0,50.0
2022-05,2022,5,2,341,KZ,คาซัคสถาน,1A,ทวีปเอเชีย,0.0,0.0
2022-06,2022,6,2,302,CN,จีน,1A,ทวีปเอเชีย,20145232877.0,162196898.0
2022-06,2022,6,2,303,HK,ฮ่องกง,1A,ทวีปเอเชีย,530735404.0,4855714.0
2022-06,2022,6,2,309,TW,ไต้หวัน,1A,ทวีปเอเชีย,15547359.0,101318.0
2022-06,2022,6,2,306,KR,เกาหลีใต้,1A,ทวีปเอเชีย,43117947.0,435343.0
2022-06,2022,6,2,271,MY,มาเลเซีย,1A,ทวีปเอเชีย,20906000.0,421800.0
2022-06,2022,6,2,373,US,สหรัฐอเมริกา,1C,ทวีปอเมริกาเหนือ,33849101.0,89168.0
2022-06,2022,6,2,304,JP,ญี่ปุ่น,1A,ทวีปเอเชีย,11491517.0,51403.0
2022-06,2022,6,2,483,AU,ออสเตรเลีย,1F,ทวีปออสเตรเลีย,10838333.0,17253.0
2022-06,2022,6,2,319,FR,ฝรั่งเศส,1B,ทวีปยุโรป,6501107.0,21728.0
2022-06,2022,6,2,274,VN,เวียดนาม,1A,ทวีปเอเชีย,0.0,0.0
2022-06,2022,6,2,320,GB,สหราชอาณาจักร,1B,ทวีปยุโรป,6229054.0,21168.0
2022-06,2022,6,2,285,AE,สหรัฐอาหรับเอมิเรตส์,1A,ทวีปเอเชีย,5377484.0,12559.0
2022-06,2022,6,2,325,NL,เนเธอร์แลนด์,1B,ทวีปยุโรป,2587760.0,6857.0
2022-06,2022,6,2,497,NZ,นิวซีแลนด์,1F,ทวีปออสเตรเลีย,4002067.0,8331.0
2022-06,2022,6,2,315,DE,เยอรมนี,1B,ทวีปยุโรป,2253604.0,5326.0
2022-06,2022,6,2,371,CA,แคนาดา,1C,ทวีปอเมริกาเหนือ,3390191.0,7587.0
2022-06,2022,6,2,366,NO,นอร์เวย์,1B,ทวีปยุโรป,2924613.0,7398.0
2022-06,2022,6,2,323,IT,อิตาลี,1B,ทวีปยุโรป,1408490.0,5323.0
2022-06,2022,6,2,327,SE,สวีเดน,1B,ทวีปยุโรป,1504429.0,2398.0
2022-06,2022,6,2,317,ES,สเปน,1B,ทวีปยุโรป,2725261.0,10683.0
2022-06,2022,6,2,356,CH,สวิตเซอร์แลนด์,1B,ทวีปยุโรป,1781463.0,3896.0
2022-06,2022,6,2,273,SG,สิงคโปร์,1A,ทวีปเอเชีย,687500.0,12500.0
2022-06,2022,6,2,268,KH,กัมพูชา,1A,ทวีปเอเชีย,132900.0,2240.0
2022-06,2022,6,2,316,DK,เดนมาร์ก,1B,ทวีปยุโรป,1059491.0,2861.0
2022-06,2022,6,2,336,CZ,สาธารณรัฐเช็ก,1B,ทวีปยุโรป,1047506.0,5569.0
2022-06,2022,6,2,308,MO,มาเก๊า,1A,ทวีปเอเชีย,0.0,0.0
2022-06,2022,6,2,294,OM,โอมาน,1A,ทวีปเอเชีย,66573.0,171.0
2022-06,2022,6,2,270,MM,เมียนมา,1A,ทวีปเอเชีย,0.0,0.0
2022-06,2022,6,2,312,AT,ออสเตรีย,1B,ทวีปยุโรป,531118.0,1107.0
2022-06,2022,6,2,266,BN,บรูไน,1A,ทวีปเอเชีย,465298.0,2542.0
2022-06,2022,6,2,322,IE,ไอร์แลนด์,1B,ทวีปยุโรป,268525.0,372.0
2022-06,2022,6,2,345,RU,รัสเซีย,1B,ทวีปยุโรป,293451.0,1016.0
2022-06,2022,6,2,296,SA,ซาอุดีอาระเบีย,1A,ทวีปเอเชีย,78650.0,369.0
2022-06,2022,6,2,295,QA,กาตาร์,1A,ทวีปเอเชีย,22967.0,117.0
2022-06,2022,6,2,461,NG,ไนจีเรีย,1E,ทวีปแอฟริกา,133884.0,834.0
2022-06,2022,6,2,292,KW,คูเวต,1A,ทวีปเอเชีย,68341.0,256.0
2022-06,2022,6,2,318,FI,ฟินแลนด์,1B,ทวีปยุโรป,31983.0,30.0
2022-06,2022,6,2,286,BH,บาห์เรน,1A,ทวีปเอเชีย,90760.0,357.0
2022-06,2022,6,2,313,BE,เบลเยียม,1B,ทวีปยุโรป,55412.0,258.0
2022-06,2022,6,2,269,LA,สปป. ลาว,1A,ทวีปเอเชีย,0.0,0.0
2022-06,2022,6,2,281,MV,มัลดีฟส์,1A,ทวีปเอเชีย,115469.0,270.0
2022-06,2022,6,2,447,KE,เคนยา,1E,ทวีปแอฟริกา,0.0,0.0
2022-06,2022,6,2,344,RO,โรมาเนีย,1B,ทวีปยุโรป,100321.0,387.0
2022-06,2022,6,2,452,MA,โมร็อกโก,1E,ทวีปแอฟริกา,78400.0,420.0
2022-06,2022,6,2,441,GH,กานา,1E,ทวีปแอฟริกา,45800.0,260.0
2022-06,2022,6,2,279,IN,อินเดีย,1A,ทวีปเอเชีย,0.0,0.0
2022-06,2022,6,2,341,KZ,คาซัคสถาน,1A,ทวีปเอเชีย,0.0,0.0
2022-07,2022,7,3,302,CN,จีน,1A,ทวีปเอเชีย,13868930221.0,103356547.0
2022-07,2022,7,3,303,HK,ฮ่องกง,1A,ทวีปเอเชีย,166246609.0,1414722.0
2022-07,2022,7,3,309,TW,ไต้หวัน,1A,ทวีปเอเชีย,83400.0,556.0
2022-07,2022,7,3,271,MY,มาเลเซีย,1A,ทวีปเอเชีย,95685730.0,2590900.0
2022-07,2022,7,3,306,KR,เกาหลีใต้,1A,ทวีปเอเชีย,20412160.0,216825.0
2022-07,2022,7,3,373,US,สหรัฐอเมริกา,1C,ทวีปอเมริกาเหนือ,25463041.0,69404.0
2022-07,2022,7,3,304,JP,ญี่ปุ่น,1A,ทวีปเอเชีย,9265216.0,41588.0
2022-07,2022,7,3,483,AU,ออสเตรเลีย,1F,ทวีปออสเตรเลีย,9134376.0,13204.0
2022-07,2022,7,3,319,FR,ฝรั่งเศส,1B,ทวีปยุโรป,6488459.0,19314.0
2022-07,2022,7,3,274,VN,เวียดนาม,1A,ทวีปเอเชีย,7651553.0,50718.0
2022-07,2022,7,3,320,GB,สหราชอาณาจักร,1B,ทวีปยุโรป,5625791.0,18098.0
2022-07,2022,7,3,285,AE,สหรัฐอาหรับเอมิเรตส์,1A,ทวีปเอเชีย,4322838.0,8476.0
2022-07,2022,7,3,497,NZ,นิวซีแลนด์,1F,ทวีปออสเตรเลีย,2972172.0,8357.0
2022-07,2022,7,3,325,NL,เนเธอร์แลนด์,1B,ทวีปยุโรป,2392109.0,5579.0
2022-07,2022,7,3,366,NO,นอร์เวย์,1B,ทวีปยุโรป,2585628.0,7071.0
2022-07,2022,7,3,315,DE,เยอรมนี,1B,ทวีปยุโรป,1461727.0,3138.0
2022-07,2022,7,3,323,IT,อิตาลี,1B,ทวีปยุโรป,1917624.0,5785.0
2022-07,2022,7,3,371,CA,แคนาดา,1C,ทวีปอเมริกาเหนือ,1085014.0,2265.0
2022-07,2022,7,3,317,ES,สเปน,1B,ทวีปยุโรป,2678733.0,9166.0
2022-07,2022,7,3,327,SE,สวีเดน,1B,ทวีปยุโรป,1865379.0,3202.0
2022-07,2022,7,3,356,CH,สวิตเซอร์แลนด์,1B,ทวีปยุโรป,1137347.0,2452.0
2022-07,2022,7,3,273,SG,สิงคโปร์,1A,ทวีปเอเชีย,1523542.0,25515.0
2022-07,2022,7,3,336,CZ,สาธารณรัฐเช็ก,1B,ทวีปยุโรป,968389.0,4079.0
2022-07,2022,7,3,268,KH,กัมพูชา,1A,ทวีปเอเชีย,0.0,0.0
2022-07,2022,7,3,316,DK,เดนมาร์ก,1B,ทวีปยุโรป,558423.0,1356.0
2022-07,2022,7,3,308,MO,มาเก๊า,1A,ทวีปเอเชีย,0.0,0.0
2022-07,2022,7,3,294,OM,โอมาน,1A,ทวีปเอเชีย,202175.0,339.0
2022-07,2022,7,3,312,AT,ออสเตรีย,1B,ทวีปยุโรป,338963.0,658.0
2022-07,2022,7,3,270,MM,เมียนมา,1A,ทวีปเอเชีย,75600.0,504.0
2022-07,2022,7,3,266,BN,บรูไน,1A,ทวีปเอเชีย,211848.0,894.0
2022-07,2022,7,3,322,IE,ไอร์แลนด์,1B,ทวีปยุโรป,200934.0,380.0
2022-07,2022,7,3,345,RU,รัสเซีย,1B,ทวีปยุโรป,205026.0,945.0
2022-07,2022,7,3,296,SA,ซาอุดีอาระเบีย,1A,ทวีปเอเชีย,63145.0,313.0
2022-07,2022,7,3,295,QA,กาตาร์,1A,ทวีปเอเชีย,41591.0,200.0
2022-07,2022,7,3,461,NG,ไนจีเรีย,1E,ทวีปแอฟริกา,67100.0,355.0
2022-07,2022,7,3,292,KW,คูเวต,1A,ทวีปเอเชีย,72374.0,261.0
2022-07,2022,7,3,286,BH,บาห์เรน,1A,ทวีปเอเชีย,99842.0,1238.0
2022-07,2022,7,3,313,BE,เบลเยียม,1B,ทวีปยุโรป,86771.0,439.0
2022-07,2022,7,3,318,FI,ฟินแลนด์,1B,ทวีปยุโรป,10789.0,10.0
2022-07,2022,7,3,281,MV,มัลดีฟส์,1A,ทวีปเอเชีย,18919.0,38.0
2022-07,2022,7,3,269,LA,สปป. ลาว,1A,ทวีปเอเชีย,0.0,0.0
2022-07,2022,7,3,441,GH,กานา,1E,ทวีปแอฟริกา,73700.0,313.0
2022-07,2022,7,3,447,KE,เคนยา,1E,ทวีปแอฟริกา,0.0,0.0
2022-07,2022,7,3,344,RO,โรมาเนีย,1B,ทวีปยุโรป,0.0,0.0
2022-07,2022,7,3,452,MA,โมร็อกโก,1E,ทวีปแอฟริกา,0.0,0.0
2022-07,2022,7,3,279,IN,อินเดีย,1A,ทวีปเอเชีย,0.0,0.0
2022-07,2022,7,3,341,KZ,คาซัคสถาน,1A,ทวีปเอเชีย,0.0,0.0
2022-08,2022,8,3,302,CN,จีน,1A,ทวีปเอเชีย,2481800876.0,19121484.0
2022-08,2022,8,3,303,HK,ฮ่องกง,1A,ทวีปเอเชีย,2557442.0,17077.0
2022-08,2022,8,3,309,TW,ไต้หวัน,1A,ทวีปเอเชีย,83400.0,534.0
2022-08,2022,8,3,271,MY,มาเลเซีย,1A,ทวีปเอเชีย,14990001.0,399100.0
2022-08,2022,8,3,306,KR,เกาหลีใต้,1A,ทวีปเอเชีย,4776812.0,47739.0
2022-08,2022,8,3,373,US,สหรัฐอเมริกา,1C,ทวีปอเมริกาเหนือ,13962697.0,34859.0
2022-08,2022,8,3,304,JP,ญี่ปุ่น,1A,ทวีปเอเชีย,1992582.0,8384.0
2022-08,2022,8,3,483,AU,ออสเตรเลีย,1F,ทวีปออสเตรเลีย,2586502.0,4060.0
2022-08,2022,8,3,319,FR,ฝรั่งเศส,1B,ทวีปยุโรป,1688185.0,426.0
2022-08,2022,8,3,274,VN,เวียดนาม,1A,ทวีปเอเชีย,0.0,0.0
2022-08,2022,8,3,320,GB,สหราชอาณาจักร,1B,ทวีปยุโรป,1447683.0,4151.0
2022-08,2022,8,3,285,AE,สหรัฐอาหรับเอมิเรตส์,1A,ทวีปเอเชีย,2725555.0,3710.0
2022-08,2022,8,3,497,NZ,นิวซีแลนด์,1F,ทวีปออสเตรเลีย,292341.0,606.0
2022-08,2022,8,3,325,NL,เนเธอร์แลนด์,1B,ทวีปยุโรป,508338.0,1188.0
2022-08,2022,8,3,366,NO,นอร์เวย์,1B,ทวีปยุโรป,1658813.0,4297.0
2022-08,2022,8,3,315,DE,เยอรมนี,1B,ทวีปยุโรป,634083.0,1268.0
2022-08,2022,8,3,323,IT,อิตาลี,1B,ทวีปยุโรป,27616.0,112.0
2022-08,2022,8,3,371,CA,แคนาดา,1C,ทวีปอเมริกาเหนือ,568142.0,1496.0
2022-08,2022,8,3,327,SE,สวีเดน,1B,ทวีปยุโรป,886227.0,2792.0
2022-08,2022,8,3,317,ES,สเปน,1B,ทวีปยุโรป,36000.0,240.0
2022-08,2022,8,3,356,CH,สวิตเซอร์แลนด์,1B,ทวีปยุโรป,1214462.0,4190.0
2022-08,2022,8,3,273,SG,สิงคโปร์,1A,ทวีปเอเชีย,105000.0,3000.0
2022-08,2022,8,3,336,CZ,สาธารณรัฐเช็ก,1B,ทวีปยุโรป,782879.0,2872.0
2022-08,2022,8,3,316,DK,เดนมาร์ก,1B,ทวีปยุโรป,416404.0,982.0
2022-08,2022,8,3,268,KH,กัมพูชา,1A,ทวีปเอเชีย,0.0,0.0
2022-08,2022,8,3,308,MO,มาเก๊า,1A,ทวีปเอเชีย,0.0,0.0
2022-08,2022,8,3,294,OM,โอมาน,1A,ทวีปเอเชีย,351346.0,422.0
2022-08,2022,8,3,312,AT,ออสเตรีย,1B,ทวีปยุโรป,43200.0,96.0
2022-08,2022,8,3,322,IE,ไอร์แลนด์,1B,ทวีปยุโรป,191232.0,415.0
2022-08,2022,8,3,345,RU,รัสเซีย,1B,ทวีปยุโรป,277182.0,976.0
2022-08,2022,8,3,270,MM,เมียนมา,1A,ทวีปเอเชีย,0.0,0.0
2022-08,2022,8,3,266,BN,บรูไน,1A,ทวีปเอเชีย,0.0,0.0
2022-08,2022,8,3,296,SA,ซาอุดีอาระเบีย,1A,ทวีปเอเชีย,267376.0,980.0
2022-08,2022,8,3,295,QA,กาตาร์,1A,ทวีปเอเชีย,53269.0,243.0
2022-08,2022,8,3,461,NG,ไนจีเรีย,1E,ทวีปแอฟริกา,0.0,0.0
2022-08,2022,8,3,292,KW,คูเวต,1A,ทวีปเอเชีย,54632.0,217.0
2022-08,2022,8,3,447,KE,เคนยา,1E,ทวีปแอฟริกา,256798.0,604.0
2022-08,2022,8,3,286,BH,บาห์เรน,1A,ทวีปเอเชีย,36982.0,209.0
2022-08,2022,8,3,313,BE,เบลเยียม,1B,ทวีปยุโรป,33097.0,154.0
2022-08,2022,8,3,318,FI,ฟินแลนด์,1B,ทวีปยุโรป,43000.0,40.0
2022-08,2022,8,3,441,GH,กานา,1E,ทวีปแอฟริกา,119100.0,165.0
2022-08,2022,8,3,281,MV,มัลดีฟส์,1A,ทวีปเอเชีย,49256.0,95.0
2022-08,2022,8,3,269,LA,สปป. ลาว,1A,ทวีปเอเชีย,0.0,0.0
2022-08,2022,8,3,344,RO,โรมาเนีย,1B,ทวีปยุโรป,0.0,0.0
2022-08,2022,8,3,452,MA,โมร็อกโก,1E,ทวีปแอฟริกา,0.0,0.0
2022-08,2022,8,3,279,IN,อินเดีย,1A,ทวีปเอเชีย,0.0,0.0
2022-08,2022,8,3,341,KZ,คาซัคสถาน,1A,ทวีปเอเชีย,0.0,0.0
2022-08,2022,8,3,478,ZA,แอฟริกาใต้,1E,ทวีปแอฟริกา,2901.0,82.0
2022-08,2022,8,3,277,BD,บังกลาเทศ,1A,ทวีปเอเชีย,474.0,33.0
2022-09,2022,9,3,302,CN,จีน,1A,ทวีปเอเชีย,686195518.0,4683913.0
2022-09,2022,9,3,303,HK,ฮ่องกง,1A,ทวีปเอเชีย,662400.0,803.0
2022-09,2022,9,3,309,TW,ไต้หวัน,1A,ทวีปเอเชีย,0.0,0.0
2022-09,2022,9,3,271,MY,มาเลเซีย,1A,ทวีปเอเชีย,0.0,0.0
2022-09,2022,9,3,306,KR,เกาหลีใต้,1A,ทวีปเอเชีย,4468935.0,29010.0
2022-09,2022,9,3,373,US,สหรัฐอเมริกา,1C,ทวีปอเมริกาเหนือ,4129077.0,11527.0
2022-09,2022,9,3,483,AU,ออสเตรเลีย,1F,ทวีปออสเตรเลีย,447065.0,972.0
2022-09,2022,9,3,304,JP,ญี่ปุ่น,1A,ทวีปเอเชีย,107.0,2.0
2022-09,2022,9,3,319,FR,ฝรั่งเศส,1B,ทวีปยุโรป,59207.0,75.0
2022-09,2022,9,3,274,VN,เวียดนาม,1A,ทวีปเอเชีย,0.0,0.0
2022-09,2022,9,3,285,AE,สหรัฐอาหรับเอมิเรตส์,1A,ทวีปเอเชีย,1285654.0,2219.0
2022-09,2022,9,3,320,GB,สหราชอาณาจักร,1B,ทวีปยุโรป,443293.0,1879.0
2022-09,2022,9,3,497,NZ,นิวซีแลนด์,1F,ทวีปออสเตรเลีย,0.0,0.0
2022-09,2022,9,3,325,NL,เนเธอร์แลนด์,1B,ทวีปยุโรป,91715.0,624.0
2022-09,2022,9,3,366,NO,นอร์เวย์,1B,ทวีปยุโรป,587394.0,881.0
2022-09,2022,9,3,315,DE,เยอรมนี,1B,ทวีปยุโรป,61551.0,164.0
2022-09,2022,9,3,323,IT,อิตาลี,1B,ทวีปยุโรป,3000.0,20.0
2022-09,2022,9,3,371,CA,แคนาดา,1C,ทวีปอเมริกาเหนือ,7504.0,18.0
2022-09,2022,9,3,327,SE,สวีเดน,1B,ทวีปยุโรป,21101.0,176.0
2022-09,2022,9,3,317,ES,สเปน,1B,ทวีปยุโรป,178.0,3.0
2022-09,2022,9,3,356,CH,สวิตเซอร์แลนด์,1B,ทวีปยุโรป,164376.0,234.0
2022-09,2022,9,3,273,SG,สิงคโปร์,1A,ทวีปเอเชีย,143000.0,2600.0
2022-09,2022,9,3,336,CZ,สาธารณรัฐเช็ก,1B,ทวีปยุโรป,395922.0,1424.0
2022-09,2022,9,3,316,DK,เดนมาร์ก,1B,ทวีปยุโรป,71392.0,272.0
2022-09,2022,9,3,268,KH,กัมพูชา,1A,ทวีปเอเชีย,0.0,0.0
2022-09,2022,9,3,308,MO,มาเก๊า,1A,ทวีปเอเชีย,0.0,0.0
2022-09,2022,9,3,294,OM,โอมาน,1A,ทวีปเอเชีย,177152.0,435.0
2022-09,2022,9,3,312,AT,ออสเตรีย,1B,ทวีปยุโรป,32400.0,72.0
2022-09,2022,9,3,345,RU,รัสเซีย,1B,ทวีปยุโรป,238994.0,862.0
2022-09,2022,9,3,322,IE,ไอร์แลนด์,1B,ทวีปยุโรป,111064.0,230.0
2022-09,2022,9,3,270,MM,เมียนมา,1A,ทวีปเอเชีย,0.0,0.0
2022-09,2022,9,3,296,SA,ซาอุดีอาระเบีย,1A,ทวีปเอเชีย,97289.0,474.0
2022-09,2022,9,3,266,BN,บรูไน,1A,ทวีปเอเชีย,0.0,0.0
2022-09,2022,9,3,295,QA,กาตาร์,1A,ทวีปเอเชีย,49669.0,243.0
2022-09,2022,9,3,461,NG,ไนจีเรีย,1E,ทวีปแอฟริกา,96000.0,100.0
2022-09,2022,9,3,292,KW,คูเวต,1A,ทวีปเอเชีย,35149.0,149.0
2022-09,2022,9,3,286,BH,บาห์เรน,1A,ทวีปเอเชีย,19825.0,110.0
2022-09,2022,9,3,447,KE,เคนยา,1E,ทวีปแอฟริกา,0.0,0.0
2022-09,2022,9,3,313,BE,เบลเยียม,1B,ทวีปยุโรป,0.0,0.0
2022-09,2022,9,3,318,FI,ฟินแลนด์,1B,ทวีปยุโรป,0.0,0.0
2022-09,2022,9,3,441,GH,กานา,1E,ทวีปแอฟริกา,0.0,0.0
2022-09,2022,9,3,281,MV,มัลดีฟส์,1A,ทวีปเอเชีย,36371.0,48.0
2022-09,2022,9,3,454,ML,มาลี,1E,ทวีปแอฟริกา,188600.0,460.0
2022-09,2022,9,3,269,LA,สปป. ลาว,1A,ทวีปเอเชีย,6800.0,200.0
2022-09,2022,9,3,344,RO,โรมาเนีย,1B,ทวีปยุโรป,0.0,0.0
2022-09,2022,9,3,452,MA,โมร็อกโก,1E,ทวีปแอฟริกา,0.0,0.0
2022-09,2022,9,3,279,IN,อินเดีย,1A,ทวีปเอเชีย,0.0,0.0
2022-09,2022,9,3,341,KZ,คาซัคสถาน,1A,ทวีปเอเชีย,0.0,0.0
2022-09,2022,9,3,478,ZA,แอฟริกาใต้,1E,ทวีปแอฟริกา,1783.0,50.0
2022-09,2022,9,3,277,BD,บังกลาเทศ,1A,ทวีปเอเชีย,1663.0,27.0
2022-10,2022,10,4,302,CN,จีน,1A,ทวีปเอเชีย,845535337.0,5421911.0
2022-10,2022,10,4,303,HK,ฮ่องกง,1A,ทวีปเอเชีย,400.0,1.0
2022-10,2022,10,4,309,TW,ไต้หวัน,1A,ทวีปเอเชีย,0.0,0.0
2022-10,2022,10,4,271,MY,มาเลเซีย,1A,ทวีปเอเชีย,1170000.0,5000.0
2022-10,2022,10,4,306,KR,เกาหลีใต้,1A,ทวีปเอเชีย,5048028.0,31974.0
2022-10,2022,10,4,373,US,สหรัฐอเมริกา,1C,ทวีปอเมริกาเหนือ,5078990.0,19149.0
2022-10,2022,10,4,483,AU,ออสเตรเลีย,1F,ทวีปออสเตรเลีย,170454.0,464.0
2022-10,2022,10,4,304,JP,ญี่ปุ่น,1A,ทวีปเอเชีย,386536.0,1279.0
2022-10,2022,10,4,319,FR,ฝรั่งเศส,1B,ทวีปยุโรป,53326.0,48.0
2022-10,2022,10,4,285,AE,สหรัฐอาหรับเอมิเรตส์,1A,ทวีปเอเชีย,1275301.0,2906.0
2022-10,2022,10,4,274,VN,เวียดนาม,1A,ทวีปเอเชีย,0.0,0.0
2022-10,2022,10,4,320,GB,สหราชอาณาจักร,1B,ทวีปยุโรป,380257.0,1407.0
2022-10,2022,10,4,366,NO,นอร์เวย์,1B,ทวีปยุโรป,483869.0,877.0
2022-10,2022,10,4,325,NL,เนเธอร์แลนด์,1B,ทวีปยุโรป,170910.0,1143.0
2022-10,2022,10,4,497,NZ,นิวซีแลนด์,1F,ทวีปออสเตรเลีย,0.0,0.0
2022-10,2022,10,4,315,DE,เยอรมนี,1B,ทวีปยุโรป,24540.0,166.0
2022-10,2022,10,4,371,CA,แคนาดา,1C,ทวีปอเมริกาเหนือ,336185.0,818.0
2022-10,2022,10,4,323,IT,อิตาลี,1B,ทวีปยุโรป,73710.0,250.0
2022-10,2022,10,4,327,SE,สวีเดน,1B,ทวีปยุโรป,188954.0,282.0
2022-10,2022,10,4,317,ES,สเปน,1B,ทวีปยุโรป,222750.0,1485.0
2022-10,2022,10,4,356,CH,สวิตเซอร์แลนด์,1B,ทวีปยุโรป,94568.0,434.0
2022-10,2022,10,4,273,SG,สิงคโปร์,1A,ทวีปเอเชีย,49500.0,900.0
2022-10,2022,10,4,336,CZ,สาธารณรัฐเช็ก,1B,ทวีปยุโรป,302971.0,1086.0
2022-10,2022,10,4,316,DK,เดนมาร์ก,1B,ทวีปยุโรป,222351.0,979.0
2022-10,2022,10,4,268,KH,กัมพูชา,1A,ทวีปเอเชีย,0.0,0.0
2022-10,2022,10,4,308,MO,มาเก๊า,1A,ทวีปเอเชีย,0.0,0.0
2022-10,2022,10,4,294,OM,โอมาน,1A,ทวีปเอเชีย,131989.0,291.0
2022-10,2022,10,4,345,RU,รัสเซีย,1B,ทวีปยุโรป,183841.0,743.0
2022-10,2022,10,4,312,AT,ออสเตรีย,1B,ทวีปยุโรป,21600.0,48.0
2022-10,2022,10,4,322,IE,ไอร์แลนด์,1B,ทวีปยุโรป,27077.0,134.0
2022-10,2022,10,4,296,SA,ซาอุดีอาระเบีย,1A,ทวีปเอเชีย,82041.0,388.0
2022-10,2022,10,4,270,MM,เมียนมา,1A,ทวีปเอเชีย,0.0,0.0
2022-10,2022,10,4,266,BN,บรูไน,1A,ทวีปเอเชีย,0.0,0.0
2022-10,2022,10,4,295,QA,กาตาร์,1A,ทวีปเอเชีย,67908.0,283.0
2022-10,2022,10,4,461,NG,ไนจีเรีย,1E,ทวีปแอฟริกา,72000.0,75.0
2022-10,2022,10,4,292,KW,คูเวต,1A,ทวีปเอเชีย,39191.0,185.0
2022-10,2022,10,4,286,BH,บาห์เรน,1A,ทวีปเอเชีย,19145.0,111.0
2022-10,2022,10,4,447,KE,เคนยา,1E,ทวีปแอฟริกา,0.0,0.0
2022-10,2022,10,4,313,BE,เบลเยียม,1B,ทวีปยุโรป,0.0,0.0
2022-10,2022,10,4,318,FI,ฟินแลนด์,1B,ทวีปยุโรป,0.0,0.0
2022-10,2022,10,4,441,GH,กานา,1E,ทวีปแอฟริกา,0.0,0.0
2022-10,2022,10,4,281,MV,มัลดีฟส์,1A,ทวีปเอเชีย,5822.0,12.0
2022-10,2022,10,4,454,ML,มาลี,1E,ทวีปแอฟริกา,0.0,0.0
2022-10,2022,10,4,269,LA,สปป. ลาว,1A,ทวีปเอเชีย,18000.0,150.0
2022-10,2022,10,4,344,RO,โรมาเนีย,1B,ทวีปยุโรป,0.0,0.0
2022-10,2022,10,4,452,MA,โมร็อกโก,1E,ทวีปแอฟริกา,0.0,0.0
2022-10,2022,10,4,277,BD,บังกลาเทศ,1A,ทวีปเอเชีย,46539.0,1489.0
2022-10,2022,10,4,279,IN,อินเดีย,1A,ทวีปเอเชีย,0.0,0.0
2022-10,2022,10,4,341,KZ,คาซัคสถาน,1A,ทวีปเอเชีย,0.0,0.0
2022-10,2022,10,4,478,ZA,แอฟริกาใต้,1E,ทวีปแอฟริกา,0.0,0.0
2022-11,2022,11,4,302,CN,จีน,1A,ทวีปเอเชีย,5611305050.0,36449996.0
2022-11,2022,11,4,303,HK,ฮ่องกง,1A,ทวีปเอเชีย,5396302.0,35540.0
2022-11,2022,11,4,309,TW,ไต้หวัน,1A,ทวีปเอเชีย,784951.0,2010.0
2022-11,2022,11,4,271,MY,มาเลเซีย,1A,ทวีปเอเชีย,515877.0,9248.0
2022-11,2022,11,4,306,KR,เกาหลีใต้,1A,ทวีปเอเชีย,3970957.0,34212.0
2022-11,2022,11,4,373,US,สหรัฐอเมริกา,1C,ทวีปอเมริกาเหนือ,6215820.0,20701.0
2022-11,2022,11,4,304,JP,ญี่ปุ่น,1A,ทวีปเอเชีย,1478848.0,7603.0
2022-11,2022,11,4,483,AU,ออสเตรเลีย,1F,ทวีปออสเตรเลีย,1196944.0,2578.0
2022-11,2022,11,4,274,VN,เวียดนาม,1A,ทวีปเอเชีย,6882400.0,36288.0
2022-11,2022,11,4,319,FR,ฝรั่งเศส,1B,ทวีปยุโรป,1701934.0,4107.0
2022-11,2022,11,4,285,AE,สหรัฐอาหรับเอมิเรตส์,1A,ทวีปเอเชีย,1257407.0,2737.0
2022-11,2022,11,4,320,GB,สหราชอาณาจักร,1B,ทวีปยุโรป,629554.0,1909.0
2022-11,2022,11,4,325,NL,เนเธอร์แลนด์,1B,ทวีปยุโรป,918630.0,2766.0
2022-11,2022,11,4,497,NZ,นิวซีแลนด์,1F,ทวีปออสเตรเลีย,820190.0,750.0
2022-11,2022,11,4,366,NO,นอร์เวย์,1B,ทวีปยุโรป,343742.0,771.0
2022-11,2022,11,4,323,IT,อิตาลี,1B,ทวีปยุโรป,1396353.0,4187.0
2022-11,2022,11,4,315,DE,เยอรมนี,1B,ทวีปยุโรป,218935.0,458.0
2022-11,2022,11,4,371,CA,แคนาดา,1C,ทวีปอเมริกาเหนือ,837940.0,2513.0
2022-11,2022,11,4,317,ES,สเปน,1B,ทวีปยุโรป,1579782.0,6024.0
2022-11,2022,11,4,327,SE,สวีเดน,1B,ทวีปยุโรป,5648.0,48.0
2022-11,2022,11,4,356,CH,สวิตเซอร์แลนด์,1B,ทวีปยุโรป,188039.0,780.0
2022-11,2022,11,4,273,SG,สิงคโปร์,1A,ทวีปเอเชีย,0.0,0.0
2022-11,2022,11,4,336,CZ,สาธารณรัฐเช็ก,1B,ทวีปยุโรป,221035.0,955.0
2022-11,2022,11,4,316,DK,เดนมาร์ก,1B,ทวีปยุโรป,154893.0,947.0
2022-11,2022,11,4,268,KH,กัมพูชา,1A,ทวีปเอเชีย,0.0,0.0
2022-11,2022,11,4,308,MO,มาเก๊า,1A,ทวีปเอเชีย,0.0,0.0
2022-11,2022,11,4,294,OM,โอมาน,1A,ทวีปเอเชีย,283948.0,489.0
2022-11,2022,11,4,345,RU,รัสเซีย,1B,ทวีปยุโรป,272653.0,878.0
2022-11,2022,11,4,312,AT,ออสเตรีย,1B,ทวีปยุโรป,27000.0,60.0
2022-11,2022,11,4,322,IE,ไอร์แลนด์,1B,ทวีปยุโรป,88515.0,158.0
2022-11,2022,11,4,296,SA,ซาอุดีอาระเบีย,1A,ทวีปเอเชีย,62831.0,277.0
2022-11,2022,11,4,270,MM,เมียนมา,1A,ทวีปเอเชีย,0.0,0.0
2022-11,2022,11,4,266,BN,บรูไน,1A,ทวีปเอเชีย,0.0,0.0
2022-11,2022,11,4,295,QA,กาตาร์,1A,ทวีปเอเชีย,74886.0,286.0
2022-11,2022,11,4,461,NG,ไนจีเรีย,1E,ทวีปแอฟริกา,33030.0,186.0
2022-11,2022,11,4,292,KW,คูเวต,1A,ทวีปเอเชีย,59424.0,187.0
2022-11,2022,11,4,286,BH,บาห์เรน,1A,ทวีปเอเชีย,35376.0,644.0
2022-11,2022,11,4,447,KE,เคนยา,1E,ทวีปแอฟริกา,0.0,0.0
2022-11,2022,11,4,313,BE,เบลเยียม,1B,ทวีปยุโรป,0.0,0.0
2022-11,2022,11,4,318,FI,ฟินแลนด์,1B,ทวีปยุโรป,0.0,0.0
2022-11,2022,11,4,441,GH,กานา,1E,ทวีปแอฟริกา,0.0,0.0
2022-11,2022,11,4,281,MV,มัลดีฟส์,1A,ทวีปเอเชีย,0.0,0.0
2022-11,2022,11,4,344,RO,โรมาเนีย,1B,ทวีปยุโรป,111047.0,327.0
2022-11,2022,11,4,454,ML,มาลี,1E,ทวีปแอฟริกา,0.0,0.0
2022-11,2022,11,4,269,LA,สปป. ลาว,1A,ทวีปเอเชีย,0.0,0.0
2022-11,2022,11,4,452,MA,โมร็อกโก,1E,ทวีปแอฟริกา,0.0,0.0
2022-11,2022,11,4,277,BD,บังกลาเทศ,1A,ทวีปเอเชีย,4056.0,134.0
2022-11,2022,11,4,279,IN,อินเดีย,1A,ทวีปเอเชีย,0.0,0.0
2022-11,2022,11,4,341,KZ,คาซัคสถาน,1A,ทวีปเอเชีย,0.0,0.0
2022-11,2022,11,4,406,AG,แอนติกัวและบาร์บูดา,1C,ทวีปอเมริกาเหนือ,5500.0,65.0
2022-11,2022,11,4,478,ZA,แอฟริกาใต้,1E,ทวีปแอฟริกา,0.0,0.0
2022-12,2022,12,4,302,CN,จีน,1A,ทวีปเอเชีย,7984539142.0,53838065.0
2022-12,2022,12,4,303,HK,ฮ่องกง,1A,ทวีปเอเชีย,1971119.0,17668.0
2022-12,2022,12,4,309,TW,ไต้หวัน,1A,ทวีปเอเชีย,3120120.0,8600.0
2022-12,2022,12,4,271,MY,มาเลเซีย,1A,ทวีปเอเชีย,0.0,0.0
2022-12,2022,12,4,373,US,สหรัฐอเมริกา,1C,ทวีปอเมริกาเหนือ,10787688.0,31998.0
2022-12,2022,12,4,306,KR,เกาหลีใต้,1A,ทวีปเอเชีย,4986886.0,42244.0
2022-12,2022,12,4,483,AU,ออสเตรเลีย,1F,ทวีปออสเตรเลีย,812417.0,1171.0
2022-12,2022,12,4,304,JP,ญี่ปุ่น,1A,ทวีปเอเชีย,211042.0,1081.0
2022-12,2022,12,4,274,VN,เวียดนาม,1A,ทวีปเอเชีย,0.0,0.0
2022-12,2022,12,4,319,FR,ฝรั่งเศส,1B,ทวีปยุโรป,940311.0,2790.0
2022-12,2022,12,4,285,AE,สหรัฐอาหรับเอมิเรตส์,1A,ทวีปเอเชีย,1032715.0,2003.0
2022-12,2022,12,4,320,GB,สหราชอาณาจักร,1B,ทวีปยุโรป,793336.0,2265.0
2022-12,2022,12,4,497,NZ,นิวซีแลนด์,1F,ทวีปออสเตรเลีย,687848.0,1416.0
2022-12,2022,12,4,325,NL,เนเธอร์แลนด์,1B,ทวีปยุโรป,463561.0,1151.0
2022-12,2022,12,4,366,NO,นอร์เวย์,1B,ทวีปยุโรป,293365.0,688.0
2022-12,2022,12,4,323,IT,อิตาลี,1B,ทวีปยุโรป,1800265.0,5688.0
2022-12,2022,12,4,315,DE,เยอรมนี,1B,ทวีปยุโรป,143617.0,503.0
2022-12,2022,12,4,371,CA,แคนาดา,1C,ทวีปอเมริกาเหนือ,243148.0,946.0
2022-12,2022,12,4,317,ES,สเปน,1B,ทวีปยุโรป,460712.0,2180.0
2022-12,2022,12,4,327,SE,สวีเดน,1B,ทวีปยุโรป,12583.0,66.0
2022-12,2022,12,4,356,CH,สวิตเซอร์แลนด์,1B,ทวีปยุโรป,83134.0,375.0
2022-12,2022,12,4,336,CZ,สาธารณรัฐเช็ก,1B,ทวีปยุโรป,282407.0,928.0
2022-12,2022,12,4,273,SG,สิงคโปร์,1A,ทวีปเอเชีย,0.0,0.0
2022-12,2022,12,4,316,DK,เดนมาร์ก,1B,ทวีปยุโรป,170727.0,908.0
2022-12,2022,12,4,268,KH,กัมพูชา,1A,ทวีปเอเชีย,0.0,0.0
2022-12,2022,12,4,294,OM,โอมาน,1A,ทวีปเอเชีย,272728.0,517.0
2022-12,2022,12,4,308,MO,มาเก๊า,1A,ทวีปเอเชีย,0.0,0.0
2022-12,2022,12,4,345,RU,รัสเซีย,1B,ทวีปยุโรป,448386.0,1614.0
2022-12,2022,12,4,322,IE,ไอร์แลนด์,1B,ทวีปยุโรป,91298.0,155.0
2022-12,2022,12,4,312,AT,ออสเตรีย,1B,ทวีปยุโรป,12000.0,26.0
2022-12,2022,12,4,296,SA,ซาอุดีอาระเบีย,1A,ทวีปเอเชีย,119704.0,310.0
2022-12,2022,12,4,270,MM,เมียนมา,1A,ทวีปเอเชีย,0.0,0.0
2022-12,2022,12,4,266,BN,บรูไน,1A,ทวีปเอเชีย,0.0,0.0
2022-12,2022,12,4,295,QA,กาตาร์,1A,ทวีปเอเชีย,79073.0,338.0
2022-12,2022,12,4,292,KW,คูเวต,1A,ทวีปเอเชีย,74569.0,241.0
2022-12,2022,12,4,461,NG,ไนจีเรีย,1E,ทวีปแอฟริกา,0.0,0.0
2022-12,2022,12,4,286,BH,บาห์เรน,1A,ทวีปเอเชีย,23592.0,229.0
2022-12,2022,12,4,447,KE,เคนยา,1E,ทวีปแอฟริกา,75957.0,250.0
2022-12,2022,12,4,344,RO,โรมาเนีย,1B,ทวีปยุโรป,174340.0,518.0
2022-12,2022,12,4,313,BE,เบลเยียม,1B,ทวีปยุโรป,1834.0,20.0
2022-12,2022,12,4,318,FI,ฟินแลนด์,1B,ทวีปยุโรป,0.0,0.0
2022-12,2022,12,4,441,GH,กานา,1E,ทวีปแอฟริกา,0.0,0.0
2022-12,2022,12,4,281,MV,มัลดีฟส์,1A,ทวีปเอเชีย,0.0,0.0
2022-12,2022,12,4,454,ML,มาลี,1E,ทวีปแอฟริกา,0.0,0.0
2022-12,2022,12,4,478,ZA,แอฟริกาใต้,1E,ทวีปแอฟริกา,160617.0,817.0
2022-12,2022,12,4,269,LA,สปป. ลาว,1A,ทวีปเอเชีย,0.0,0.0
2022-12,2022,12,4,452,MA,โมร็อกโก,1E,ทวีปแอฟริกา,0.0,0.0
2022-12,2022,12,4,277,BD,บังกลาเทศ,1A,ทวีปเอเชีย,384.0,25.0
2022-12,2022,12,4,406,AG,แอนติกัวและบาร์บูดา,1C,ทวีปอเมริกาเหนือ,38540.0,86.0
2022-12,2022,12,4,293,LB,เลบานอน,1A,ทวีปเอเชีย,8936.0,10.0
2022-12,2022,12,4,341,KZ,คาซัคสถาน,1A,ทวีปเอเชีย,894.0,4.0
2022-12,2022,12,4,279,IN,อินเดีย,1A,ทวีปเอเชีย,0.0,0.0
2023-01,2023,1,1,302,CN,จีน,1A,ทวีปเอเชีย,2498829530.0,16556420.0
2023-01,2023,1,1,373,US,สหรัฐอเมริกา,1C,ทวีปอเมริกาเหนือ,3788561.0,16876.0
2023-01,2023,1,1,306,KR,เกาหลีใต้,1A,ทวีปเอเชีย,1337020.0,9468.0
2023-01,2023,1,1,285,AE,สหรัฐอาหรับเอมิเรตส์,1A,ทวีปเอเชีย,1286703.0,2671.0
2023-01,2023,1,1,320,GB,สหราชอาณาจักร,1B,ทวีปยุโรป,536673.0,1317.0
2023-01,2023,1,1,325,NL,เนเธอร์แลนด์,1B,ทวีปยุโรป,330382.0,410.0
2023-01,2023,1,1,345,RU,รัสเซีย,1B,ทวีปยุโรป,287243.0,977.0
2023-01,2023,1,1,336,CZ,สาธารณรัฐเช็ก,1B,ทวีปยุโรป,276811.0,1047.0
2023-01,2023,1,1,366,NO,นอร์เวย์,1B,ทวีปยุโรป,239462.0,527.0
2023-01,2023,1,1,319,FR,ฝรั่งเศส,1B,ทวีปยุโรป,231413.0,863.0
2023-01,2023,1,1,316,DK,เดนมาร์ก,1B,ทวีปยุโรป,221332.0,837.0
2023-01,2023,1,1,356,CH,สวิตเซอร์แลนด์,1B,ทวีปยุโรป,200595.0,571.0
2023-01,2023,1,1,294,OM,โอมาน,1A,ทวีปเอเชีย,200359.0,409.0
2023-01,2023,1,1,304,JP,ญี่ปุ่น,1A,ทวีปเอเชีย,165320.0,1316.0
2023-01,2023,1,1,483,AU,ออสเตรเลีย,1F,ทวีปออสเตรเลีย,156076.0,410.0
2023-01,2023,1,1,317,ES,สเปน,1B,ทวีปยุโรป,155250.0,1035.0
2023-01,2023,1,1,371,CA,แคนาดา,1C,ทวีปอเมริกาเหนือ,109722.0,251.0
2023-01,2023,1,1,322,IE,ไอร์แลนด์,1B,ทวีปยุโรป,105680.0,180.0
2023-01,2023,1,1,312,AT,ออสเตรีย,1B,ทวีปยุโรป,72000.0,159.0
2023-01,2023,1,1,315,DE,เยอรมนี,1B,ทวีปยุโรป,70444.0,354.0
2023-01,2023,1,1,323,IT,อิตาลี,1B,ทวีปยุโรป,63450.0,365.0
2023-01,2023,1,1,447,KE,เคนยา,1E,ทวีปแอฟริกา,62043.0,353.0
2023-01,2023,1,1,296,SA,ซาอุดีอาระเบีย,1A,ทวีปเอเชีย,50953.0,184.0
2023-01,2023,1,1,295,QA,กาตาร์,1A,ทวีปเอเชีย,45893.0,187.0
2023-01,2023,1,1,292,KW,คูเวต,1A,ทวีปเอเชีย,28879.0,80.0
2023-01,2023,1,1,461,NG,ไนจีเรีย,1E,ทวีปแอฟริกา,28800.0,36.0
2023-01,2023,1,1,286,BH,บาห์เรน,1A,ทวีปเอเชีย,28726.0,203.0
2023-01,2023,1,1,441,GH,กานา,1E,ทวีปแอฟริกา,26880.0,28.0
2023-01,2023,1,1,277,BD,บังกลาเทศ,1A,ทวีปเอเชีย,21419.0,547.0
2023-01,2023,1,1,327,SE,สวีเดน,1B,ทวีปยุโรป,10324.0,94.0
2023-01,2023,1,1,303,HK,ฮ่องกง,1A,ทวีปเอเชีย,8079.0,28.0
2023-01,2023,1,1,478,ZA,แอฟริกาใต้,1E,ทวีปแอฟริกา,6569.0,340.0
2023-01,2023,1,1,341,KZ,คาซัคสถาน,1A,ทวีปเอเชีย,1892.0,9.0
2023-02,2023,2,1,302,CN,จีน,1A,ทวีปเอเชีย,2939322947.0,18032711.0
2023-02,2023,2,1,373,US,สหรัฐอเมริกา,1C,ทวีปอเมริกาเหนือ,4421270.0,16601.0
2023-02,2023,2,1,306,KR,เกาหลีใต้,1A,ทวีปเอเชีย,3894104.0,35993.0
2023-02,2023,2,1,285,AE,สหรัฐอาหรับเอมิเรตส์,1A,ทวีปเอเชีย,1123778.0,2850.0
2023-02,2023,2,1,483,AU,ออสเตรเลีย,1F,ทวีปออสเตรเลีย,1220549.0,1710.0
2023-02,2023,2,1,320,GB,สหราชอาณาจักร,1B,ทวีปยุโรป,454931.0,1400.0
2023-02,2023,2,1,336,CZ,สาธารณรัฐเช็ก,1B,ทวีปยุโรป,430692.0,1470.0
2023-02,2023,2,1,366,NO,นอร์เวย์,1B,ทวีปยุโรป,462386.0,913.0
2023-02,2023,2,1,271,MY,มาเลเซีย,1A,ทวีปเอเชีย,655500.0,13300.0
2023-02,2023,2,1,325,NL,เนเธอร์แลนด์,1B,ทวีปยุโรป,288015.0,363.0
2023-02,2023,2,1,345,RU,รัสเซีย,1B,ทวีปยุโรป,277405.0,1081.0
2023-02,2023,2,1,316,DK,เดนมาร์ก,1B,ทวีปยุโรป,333290.0,1231.0
2023-02,2023,2,1,356,CH,สวิตเซอร์แลนด์,1B,ทวีปยุโรป,332607.0,752.0
2023-02,2023,2,1,319,FR,ฝรั่งเศส,1B,ทวีปยุโรป,296536.0,804.0
2023-02,2023,2,1,371,CA,แคนาดา,1C,ทวีปอเมริกาเหนือ,363682.0,755.0
2023-02,2023,2,1,294,OM,โอมาน,1A,ทวีปเอเชีย,217407.0,443.0
2023-02,2023,2,1,317,ES,สเปน,1B,ทวีปยุโรป,229500.0,2295.0
2023-02,2023,2,1,323,IT,อิตาลี,1B,ทวีปยุโรป,207719.0,420.0
2023-02,2023,2,1,304,JP,ญี่ปุ่น,1A,ทวีปเอเชีย,73440.0,612.0
2023-02,2023,2,1,322,IE,ไอร์แลนด์,1B,ทวีปยุโรป,123242.0,178.0
2023-02,2023,2,1,315,DE,เยอรมนี,1B,ทวีปยุโรป,122274.0,435.0
2023-02,2023,2,1,447,KE,เคนยา,1E,ทวีปแอฟริกา,108493.0,350.0
2023-02,2023,2,1,312,AT,ออสเตรีย,1B,ทวีปยุโรป,32400.0,72.0
2023-02,2023,2,1,296,SA,ซาอุดีอาระเบีย,1A,ทวีปเอเชีย,50074.0,267.0
2023-02,2023,2,1,295,QA,กาตาร์,1A,ทวีปเอเชีย,39534.0,134.0
2023-02,2023,2,1,327,SE,สวีเดน,1B,ทวีปยุโรป,74369.0,284.0
2023-02,2023,2,1,292,KW,คูเวต,1A,ทวีปเอเชีย,48332.0,290.0
2023-02,2023,2,1,478,ZA,แอฟริกาใต้,1E,ทวีปแอฟริกา,50954.0,270.0
2023-02,2023,2,1,286,BH,บาห์เรน,1A,ทวีปเอเชีย,15566.0,146.0
2023-02,2023,2,1,461,NG,ไนจีเรีย,1E,ทวีปแอฟริกา,0.0,0.0
2023-02,2023,2,1,281,MV,มัลดีฟส์,1A,ทวีปเอเชีย,27409.0,60.0
2023-02,2023,2,1,441,GH,กานา,1E,ทวีปแอฟริกา,0.0,0.0
2023-02,2023,2,1,277,BD,บังกลาเทศ,1A,ทวีปเอเชีย,1175.0,56.0
2023-02,2023,2,1,303,HK,ฮ่องกง,1A,ทวีปเอเชีย,0.0,0.0
2023-02,2023,2,1,341,KZ,คาซัคสถาน,1A,ทวีปเอเชีย,1987.0,9.0
2023-02,2023,2,1,313,BE,เบลเยียม,1B,ทวีปยุโรป,2636.0,30.0
2023-02,2023,2,1,309,TW,ไต้หวัน,1A,ทวีปเอเชีย,900.0,6.0
2023-03,2023,3,1,302,CN,จีน,1A,ทวีปเอเชีย,6284988323.0,36138725.0
2023-03,2023,3,1,303,HK,ฮ่องกง,1A,ทวีปเอเชีย,63044186.0,356391.0
2023-03,2023,3,1,306,KR,เกาหลีใต้,1A,ทวีปเอเชีย,9236980.0,37390.0
2023-03,2023,3,1,373,US,สหรัฐอเมริกา,1C,ทวีปอเมริกาเหนือ,4441631.0,15160.0
2023-03,2023,3,1,271,MY,มาเลเซีย,1A,ทวีปเอเชีย,3608500.0,79300.0
2023-03,2023,3,1,285,AE,สหรัฐอาหรับเอมิเรตส์,1A,ทวีปเอเชีย,1357303.0,1791.0
2023-03,2023,3,1,483,AU,ออสเตรเลีย,1F,ทวีปออสเตรเลีย,1310977.0,1864.0
2023-03,2023,3,1,304,JP,ญี่ปุ่น,1A,ทวีปเอเชีย,1498286.0,4289.0
2023-03,2023,3,1,320,GB,สหราชอาณาจักร,1B,ทวีปยุโรป,514614.0,1899.0
2023-03,2023,3,1,336,CZ,สาธารณรัฐเช็ก,1B,ทวีปยุโรป,645590.0,2063.0
2023-03,2023,3,1,274,VN,เวียดนาม,1A,ทวีปเอเชีย,1193294.0,12000.0
2023-03,2023,3,1,325,NL,เนเธอร์แลนด์,1B,ทวีปยุโรป,519311.0,868.0
2023-03,2023,3,1,366,NO,นอร์เวย์,1B,ทวีปยุโรป,358509.0,813.0
2023-03,2023,3,1,371,CA,แคนาดา,1C,ทวีปอเมริกาเหนือ,581164.0,1494.0
2023-03,2023,3,1,316,DK,เดนมาร์ก,1B,ทวีปยุโรป,440942.0,1305.0
2023-03,2023,3,1,356,CH,สวิตเซอร์แลนด์,1B,ทวีปยุโรป,438524.0,621.0
2023-03,2023,3,1,273,SG,สิงคโปร์,1A,ทวีปเอเชีย,935307.0,17001.0
2023-03,2023,3,1,345,RU,รัสเซีย,1B,ทวีปยุโรป,212204.0,868.0
2023-03,2023,3,1,319,FR,ฝรั่งเศส,1B,ทวีปยุโรป,206849.0,626.0
2023-03,2023,3,1,315,DE,เยอรมนี,1B,ทวีปยุโรป,520561.0,1081.0
2023-03,2023,3,1,323,IT,อิตาลี,1B,ทวีปยุโรป,370032.0,605.0
2023-03,2023,3,1,294,OM,โอมาน,1A,ทวีปเอเชีย,164663.0,311.0
2023-03,2023,3,1,317,ES,สเปน,1B,ทวีปยุโรป,181500.0,1815.0
2023-03,2023,3,1,322,IE,ไอร์แลนด์,1B,ทวีปยุโรป,106565.0,171.0
2023-03,2023,3,1,327,SE,สวีเดน,1B,ทวีปยุโรป,150177.0,598.0
2023-03,2023,3,1,447,KE,เคนยา,1E,ทวีปแอฟริกา,40917.0,120.0
2023-03,2023,3,1,497,NZ,นิวซีแลนด์,1F,ทวีปออสเตรเลีย,202987.0,874.0
2023-03,2023,3,1,312,AT,ออสเตรีย,1B,ทวีปยุโรป,62100.0,131.0
2023-03,2023,3,1,296,SA,ซาอุดีอาระเบีย,1A,ทวีปเอเชีย,45716.0,233.0
2023-03,2023,3,1,292,KW,คูเวต,1A,ทวีปเอเชีย,49308.0,210.0
2023-03,2023,3,1,295,QA,กาตาร์,1A,ทวีปเอเชีย,26376.0,139.0
2023-03,2023,3,1,281,MV,มัลดีฟส์,1A,ทวีปเอเชีย,32265.0,153.0
2023-03,2023,3,1,286,BH,บาห์เรน,1A,ทวีปเอเชีย,14718.0,69.0
2023-03,2023,3,1,478,ZA,แอฟริกาใต้,1E,ทวีปแอฟริกา,0.0,0.0
2023-03,2023,3,1,269,LA,สปป. ลาว,1A,ทวีปเอเชีย,45000.0,900.0
2023-03,2023,3,1,277,BD,บังกลาเทศ,1A,ทวีปเอเชีย,9115.0,161.0
2023-03,2023,3,1,309,TW,ไต้หวัน,1A,ทวีปเอเชีย,29000.0,1500.0
2023-03,2023,3,1,461,NG,ไนจีเรีย,1E,ทวีปแอฟริกา,0.0,0.0
2023-03,2023,3,1,441,GH,กานา,1E,ทวีปแอฟริกา,0.0,0.0
2023-03,2023,3,1,341,KZ,คาซัคสถาน,1A,ทวีปเอเชีย,5511.0,26.0
2023-03,2023,3,1,313,BE,เบลเยียม,1B,ทวีปยุโรป,3169.0,35.0
2023-04,2023,4,2,302,CN,จีน,1A,ทวีปเอเชีย,47299331696.0,338098351.0
2023-04,2023,4,2,303,HK,ฮ่องกง,1A,ทวีปเอเชีย,872754558.0,6333710.0
2023-04,2023,4,2,309,TW,ไต้หวัน,1A,ทวีปเอเชีย,196306252.0,1742585.0
2023-04,2023,4,2,306,KR,เกาหลีใต้,1A,ทวีปเอเชีย,53671382.0,584879.0
2023-04,2023,4,2,271,MY,มาเลเซีย,1A,ทวีปเอเชีย,60157040.0,1267104.0
2023-04,2023,4,2,373,US,สหรัฐอเมริกา,1C,ทวีปอเมริกาเหนือ,28627479.0,87094.0
2023-04,2023,4,2,304,JP,ญี่ปุ่น,1A,ทวีปเอเชีย,17418559.0,66611.0
2023-04,2023,4,2,274,VN,เวียดนาม,1A,ทวีปเอเชีย,15101356.0,162205.0
2023-04,2023,4,2,483,AU,ออสเตรเลีย,1F,ทวีปออสเตรเลีย,7396543.0,10120.0
2023-04,2023,4,2,285,AE,สหรัฐอาหรับเอมิเรตส์,1A,ทวีปเอเชีย,2930092.0,15081.0
2023-04,2023,4,2,320,GB,สหราชอาณาจักร,1B,ทวีปยุโรป,4305830.0,15139.0
2023-04,2023,4,2,319,FR,ฝรั่งเศส,1B,ทวีปยุโรป,3880164.0,15617.0
2023-04,2023,4,2,432,CM,แคเมอรูน,1E,ทวีปแอฟริกา,4067448.0,33600.0
2023-04,2023,4,2,325,NL,เนเธอร์แลนด์,1B,ทวีปยุโรป,2919638.0,6233.0
2023-04,2023,4,2,336,CZ,สาธารณรัฐเช็ก,1B,ทวีปยุโรป,2488261.0,5173.0
2023-04,2023,4,2,273,SG,สิงคโปร์,1A,ทวีปเอเชีย,2542500.0,56500.0
2023-04,2023,4,2,269,LA,สปป. ลาว,1A,ทวีปเอเชีย,3325666.0,32640.0
2023-04,2023,4,2,323,IT,อิตาลี,1B,ทวีปยุโรป,2367630.0,7733.0
2023-04,2023,4,2,315,DE,เยอรมนี,1B,ทวีปยุโรป,1952233.0,3582.0
2023-04,2023,4,2,371,CA,แคนาดา,1C,ทวีปอเมริกาเหนือ,1463549.0,4892.0
2023-04,2023,4,2,366,NO,นอร์เวย์,1B,ทวีปยุโรป,1330067.0,2850.0
2023-04,2023,4,2,317,ES,สเปน,1B,ทวีปยุโรป,1820191.0,8555.0
2023-04,2023,4,2,497,NZ,นิวซีแลนด์,1F,ทวีปออสเตรเลีย,2034104.0,4512.0
2023-04,2023,4,2,316,DK,เดนมาร์ก,1B,ทวีปยุโรป,902129.0,2698.0
2023-04,2023,4,2,356,CH,สวิตเซอร์แลนด์,1B,ทวีปยุโรป,817300.0,1897.0
2023-04,2023,4,2,345,RU,รัสเซีย,1B,ทวีปยุโรป,365463.0,1479.0
2023-04,2023,4,2,327,SE,สวีเดน,1B,ทวีปยุโรป,890925.0,1489.0
2023-04,2023,4,2,294,OM,โอมาน,1A,ทวีปเอเชีย,240475.0,634.0
2023-04,2023,4,2,322,IE,ไอร์แลนด์,1B,ทวีปยุโรป,89986.0,173.0
2023-04,2023,4,2,312,AT,ออสเตรีย,1B,ทวีปยุโรป,204840.0,339.0
2023-04,2023,4,2,447,KE,เคนยา,1E,ทวีปแอฟริกา,30000.0,300.0
2023-04,2023,4,2,296,SA,ซาอุดีอาระเบีย,1A,ทวีปเอเชีย,88304.0,384.0
2023-04,2023,4,2,292,KW,คูเวต,1A,ทวีปเอเชีย,84914.0,245.0
2023-04,2023,4,2,295,QA,กาตาร์,1A,ทวีปเอเชีย,24611.0,101.0
2023-04,2023,4,2,286,BH,บาห์เรน,1A,ทวีปเอเชีย,51499.0,413.0
2023-04,2023,4,2,281,MV,มัลดีฟส์,1A,ทวีปเอเชีย,39587.0,60.0
2023-04,2023,4,2,266,BN,บรูไน,1A,ทวีปเอเชีย,97815.0,629.0
2023-04,2023,4,2,478,ZA,แอฟริกาใต้,1E,ทวีปแอฟริกา,0.0,0.0
2023-04,2023,4,2,277,BD,บังกลาเทศ,1A,ทวีปเอเชีย,2238.0,144.0
2023-04,2023,4,2,279,IN,อินเดีย,1A,ทวีปเอเชีย,29344.0,72.0
2023-04,2023,4,2,461,NG,ไนจีเรีย,1E,ทวีปแอฟริกา,0.0,0.0
2023-04,2023,4,2,441,GH,กานา,1E,ทวีปแอฟริกา,0.0,0.0
2023-04,2023,4,2,313,BE,เบลเยียม,1B,ทวีปยุโรป,7255.0,80.0
2023-04,2023,4,2,341,KZ,คาซัคสถาน,1A,ทวีปเอเชีย,1048.0,5.0
2023-05,2023,5,2,302,CN,จีน,1A,ทวีปเอเชีย,12039424087.0,78544981.0
2023-05,2023,5,2,303,HK,ฮ่องกง,1A,ทวีปเอเชีย,195284936.0,1295246.0
2023-05,2023,5,2,309,TW,ไต้หวัน,1A,ทวีปเอเชีย,19618395.0,116708.0
2023-05,2023,5,2,306,KR,เกาหลีใต้,1A,ทวีปเอเชีย,40873845.0,431094.0
2023-05,2023,5,2,271,MY,มาเลเซีย,1A,ทวีปเอเชีย,8083000.0,165550.0
2023-05,2023,5,2,373,US,สหรัฐอเมริกา,1C,ทวีปอเมริกาเหนือ,24576351.0,54247.0
2023-05,2023,5,2,304,JP,ญี่ปุ่น,1A,ทวีปเอเชีย,15448423.0,51475.0
2023-05,2023,5,2,483,AU,ออสเตรเลีย,1F,ทวีปออสเตรเลีย,9991029.0,13584.0
2023-05,2023,5,2,274,VN,เวียดนาม,1A,ทวีปเอเชีย,2504406.0,29523.0
2023-05,2023,5,2,285,AE,สหรัฐอาหรับเอมิเรตส์,1A,ทวีปเอเชีย,4586920.0,6079.0
2023-05,2023,5,2,336,CZ,สาธารณรัฐเช็ก,1B,ทวีปยุโรป,6260502.0,10464.0
2023-05,2023,5,2,320,GB,สหราชอาณาจักร,1B,ทวีปยุโรป,3746006.0,13615.0
2023-05,2023,5,2,269,LA,สปป. ลาว,1A,ทวีปเอเชีย,6177842.0,36030.0
2023-05,2023,5,2,319,FR,ฝรั่งเศส,1B,ทวีปยุโรป,3408754.0,12066.0
2023-05,2023,5,2,325,NL,เนเธอร์แลนด์,1B,ทวีปยุโรป,3533907.0,5583.0
2023-05,2023,5,2,315,DE,เยอรมนี,1B,ทวีปยุโรป,3701787.0,5417.0
2023-05,2023,5,2,366,NO,นอร์เวย์,1B,ทวีปยุโรป,2554514.0,6154.0
2023-05,2023,5,2,371,CA,แคนาดา,1C,ทวีปอเมริกาเหนือ,2074984.0,5729.0
2023-05,2023,5,2,356,CH,สวิตเซอร์แลนด์,1B,ทวีปยุโรป,2454059.0,4727.0
2023-05,2023,5,2,432,CM,แคเมอรูน,1E,ทวีปแอฟริกา,0.0,0.0
2023-05,2023,5,2,273,SG,สิงคโปร์,1A,ทวีปเอเชีย,585000.0,13000.0
2023-05,2023,5,2,323,IT,อิตาลี,1B,ทวีปยุโรป,1041796.0,2950.0
2023-05,2023,5,2,317,ES,สเปน,1B,ทวีปยุโรป,1523441.0,7163.0
2023-05,2023,5,2,497,NZ,นิวซีแลนด์,1F,ทวีปออสเตรเลีย,1617950.0,3649.0
2023-05,2023,5,2,316,DK,เดนมาร์ก,1B,ทวีปยุโรป,1640497.0,5987.0
2023-05,2023,5,2,327,SE,สวีเดน,1B,ทวีปยุโรป,2222622.0,3723.0
2023-05,2023,5,2,345,RU,รัสเซีย,1B,ทวีปยุโรป,374106.0,1480.0
2023-05,2023,5,2,294,OM,โอมาน,1A,ทวีปเอเชีย,473127.0,796.0
2023-05,2023,5,2,312,AT,ออสเตรีย,1B,ทวีปยุโรป,494567.0,886.0
2023-05,2023,5,2,322,IE,ไอร์แลนด์,1B,ทวีปยุโรป,257988.0,699.0
2023-05,2023,5,2,268,KH,กัมพูชา,1A,ทวีปเอเชีย,380000.0,1900.0
2023-05,2023,5,2,296,SA,ซาอุดีอาระเบีย,1A,ทวีปเอเชีย,112597.0,525.0
2023-05,2023,5,2,266,BN,บรูไน,1A,ทวีปเอเชีย,194377.0,1241.0
2023-05,2023,5,2,292,KW,คูเวต,1A,ทวีปเอเชีย,55159.0,218.0
2023-05,2023,5,2,447,KE,เคนยา,1E,ทวีปแอฟริกา,0.0,0.0
2023-05,2023,5,2,295,QA,กาตาร์,1A,ทวีปเอเชีย,83501.0,276.0
2023-05,2023,5,2,281,MV,มัลดีฟส์,1A,ทวีปเอเชีย,115005.0,192.0
2023-05,2023,5,2,286,BH,บาห์เรน,1A,ทวีปเอเชีย,70354.0,714.0
2023-05,2023,5,2,318,FI,ฟินแลนด์,1B,ทวีปยุโรป,139608.0,132.0
2023-05,2023,5,2,461,NG,ไนจีเรีย,1E,ทวีปแอฟริกา,40640.0,144.0
2023-05,2023,5,2,478,ZA,แอฟริกาใต้,1E,ทวีปแอฟริกา,0.0,0.0
2023-05,2023,5,2,441,GH,กานา,1E,ทวีปแอฟริกา,24140.0,57.0
2023-05,2023,5,2,277,BD,บังกลาเทศ,1A,ทวีปเอเชีย,15131.0,216.0
2023-05,2023,5,2,279,IN,อินเดีย,1A,ทวีปเอเชีย,0.0,0.0
2023-05,2023,5,2,313,BE,เบลเยียม,1B,ทวีปยุโรป,2790.0,30.0
2023-05,2023,5,2,341,KZ,คาซัคสถาน,1A,ทวีปเอเชีย,0.0,0.0
2023-06,2023,6,2,302,CN,จีน,1A,ทวีปเอเชีย,28809278586.0,205711375.0
2023-06,2023,6,2,303,HK,ฮ่องกง,1A,ทวีปเอเชีย,324968752.0,2465823.0
2023-06,2023,6,2,309,TW,ไต้หวัน,1A,ทวีปเอเชีย,34835552.0,251476.0
2023-06,2023,6,2,306,KR,เกาหลีใต้,1A,ทวีปเอเชีย,25797837.0,290542.0
2023-06,2023,6,2,271,MY,มาเลเซีย,1A,ทวีปเอเชีย,61066285.0,1531008.0
2023-06,2023,6,2,373,US,สหรัฐอเมริกา,1C,ทวีปอเมริกาเหนือ,41956236.0,99507.0
2023-06,2023,6,2,304,JP,ญี่ปุ่น,1A,ทวีปเอเชีย,14121971.0,51628.0
2023-06,2023,6,2,483,AU,ออสเตรเลีย,1F,ทวีปออสเตรเลีย,8955678.0,13221.0
2023-06,2023,6,2,274,VN,เวียดนาม,1A,ทวีปเอเชีย,0.0,0.0
2023-06,2023,6,2,319,FR,ฝรั่งเศส,1B,ทวีปยุโรป,8525925.0,26865.0
2023-06,2023,6,2,320,GB,สหราชอาณาจักร,1B,ทวีปยุโรป,6016512.0,19053.0
2023-06,2023,6,2,336,CZ,สาธารณรัฐเช็ก,1B,ทวีปยุโรป,4808123.0,8552.0
2023-06,2023,6,2,285,AE,สหรัฐอาหรับเอมิเรตส์,1A,ทวีปเอเชีย,3622448.0,6918.0
2023-06,2023,6,2,325,NL,เนเธอร์แลนด์,1B,ทวีปยุโรป,5072122.0,9213.0
2023-06,2023,6,2,269,LA,สปป. ลาว,1A,ทวีปเอเชีย,670000.0,5200.0
2023-06,2023,6,2,315,DE,เยอรมนี,1B,ทวีปยุโรป,2257482.0,4149.0
2023-06,2023,6,2,366,NO,นอร์เวย์,1B,ทวีปยุโรป,3539611.0,7632.0
2023-06,2023,6,2,371,CA,แคนาดา,1C,ทวีปอเมริกาเหนือ,2678873.0,6876.0
2023-06,2023,6,2,497,NZ,นิวซีแลนด์,1F,ทวีปออสเตรเลีย,3398230.0,6494.0
2023-06,2023,6,2,317,ES,สเปน,1B,ทวีปยุโรป,2828144.0,9522.0
2023-06,2023,6,2,356,CH,สวิตเซอร์แลนด์,1B,ทวีปยุโรป,1888628.0,3772.0
2023-06,2023,6,2,323,IT,อิตาลี,1B,ทวีปยุโรป,1937146.0,5626.0
2023-06,2023,6,2,316,DK,เดนมาร์ก,1B,ทวีปยุโรป,1938585.0,6839.0
2023-06,2023,6,2,327,SE,สวีเดน,1B,ทวีปยุโรป,1315505.0,1990.0
2023-06,2023,6,2,273,SG,สิงคโปร์,1A,ทวีปเอเชีย,319500.0,5080.0
2023-06,2023,6,2,432,CM,แคเมอรูน,1E,ทวีปแอฟริกา,0.0,0.0
2023-06,2023,6,2,345,RU,รัสเซีย,1B,ทวีปยุโรป,207458.0,760.0
2023-06,2023,6,2,294,OM,โอมาน,1A,ทวีปเอเชีย,410102.0,757.0
2023-06,2023,6,2,312,AT,ออสเตรีย,1B,ทวีปยุโรป,384010.0,602.0
2023-06,2023,6,2,266,BN,บรูไน,1A,ทวีปเอเชีย,777852.0,5195.0
2023-06,2023,6,2,322,IE,ไอร์แลนด์,1B,ทวีปยุโรป,299699.0,841.0
2023-06,2023,6,2,447,KE,เคนยา,1E,ทวีปแอฟริกา,213651.0,878.0
2023-06,2023,6,2,295,QA,กาตาร์,1A,ทวีปเอเชีย,234296.0,349.0
2023-06,2023,6,2,268,KH,กัมพูชา,1A,ทวีปเอเชีย,33000.0,300.0
2023-06,2023,6,2,296,SA,ซาอุดีอาระเบีย,1A,ทวีปเอเชีย,37756.0,184.0
2023-06,2023,6,2,292,KW,คูเวต,1A,ทวีปเอเชีย,95837.0,269.0
2023-06,2023,6,2,281,MV,มัลดีฟส์,1A,ทวีปเอเชีย,101300.0,184.0
2023-06,2023,6,2,286,BH,บาห์เรน,1A,ทวีปเอเชีย,91877.0,513.0
2023-06,2023,6,2,318,FI,ฟินแลนด์,1B,ทวีปยุโรป,62044.0,48.0
2023-06,2023,6,2,461,NG,ไนจีเรีย,1E,ทวีปแอฟริกา,12320.0,56.0
2023-06,2023,6,2,277,BD,บังกลาเทศ,1A,ทวีปเอเชีย,10735.0,235.0
2023-06,2023,6,2,279,IN,อินเดีย,1A,ทวีปเอเชีย,29544.0,72.0
2023-06,2023,6,2,478,ZA,แอฟริกาใต้,1E,ทวีปแอฟริกา,0.0,0.0
2023-06,2023,6,2,441,GH,กานา,1E,ทวีปแอฟริกา,0.0,0.0
2023-06,2023,6,2,313,BE,เบลเยียม,1B,ทวีปยุโรป,9181.0,100.0
2023-06,2023,6,2,341,KZ,คาซัคสถาน,1A,ทวีปเอเชีย,0.0,0.0
2023-06,2023,6,2,282,NP,เนปาล,1A,ทวีปเอเชีย,1949.0,30.0
2023-07,2023,7,3,302,CN,จีน,1A,ทวีปเอเชีย,14813457983.0,104973912.0
2023-07,2023,7,3,303,HK,ฮ่องกง,1A,ทวีปเอเชีย,202725184.0,1446735.0
2023-07,2023,7,3,309,TW,ไต้หวัน,1A,ทวีปเอเชีย,1913759.0,18882.0
2023-07,2023,7,3,271,MY,มาเลเซีย,1A,ทวีปเอเชีย,92636000.0,2301600.0
2023-07,2023,7,3,306,KR,เกาหลีใต้,1A,ทวีปเอเชีย,13726344.0,167647.0
2023-07,2023,7,3,373,US,สหรัฐอเมริกา,1C,ทวีปอเมริกาเหนือ,27917979.0,75382.0
2023-07,2023,7,3,304,JP,ญี่ปุ่น,1A,ทวีปเอเชีย,8893223.0,31752.0
2023-07,2023,7,3,483,AU,ออสเตรเลีย,1F,ทวีปออสเตรเลีย,7294449.0,11244.0
2023-07,2023,7,3,320,GB,สหราชอาณาจักร,1B,ทวีปยุโรป,4782344.0,14618.0
2023-07,2023,7,3,319,FR,ฝรั่งเศส,1B,ทวีปยุโรป,2562327.0,8835.0
2023-07,2023,7,3,274,VN,เวียดนาม,1A,ทวีปเอเชีย,0.0,0.0
2023-07,2023,7,3,336,CZ,สาธารณรัฐเช็ก,1B,ทวีปยุโรป,3472727.0,6173.0
2023-07,2023,7,3,285,AE,สหรัฐอาหรับเอมิเรตส์,1A,ทวีปเอเชีย,2100320.0,5946.0
2023-07,2023,7,3,325,NL,เนเธอร์แลนด์,1B,ทวีปยุโรป,3067923.0,5063.0
2023-07,2023,7,3,366,NO,นอร์เวย์,1B,ทวีปยุโรป,3421937.0,6825.0
2023-07,2023,7,3,269,LA,สปป. ลาว,1A,ทวีปเอเชีย,64060.0,610.0
2023-07,2023,7,3,315,DE,เยอรมนี,1B,ทวีปยุโรป,1393231.0,2774.0
2023-07,2023,7,3,371,CA,แคนาดา,1C,ทวีปอเมริกาเหนือ,1171122.0,2417.0
2023-07,2023,7,3,497,NZ,นิวซีแลนด์,1F,ทวีปออสเตรเลีย,1029579.0,2092.0
2023-07,2023,7,3,356,CH,สวิตเซอร์แลนด์,1B,ทวีปยุโรป,1430124.0,2878.0
2023-07,2023,7,3,317,ES,สเปน,1B,ทวีปยุโรป,685982.0,2011.0
2023-07,2023,7,3,316,DK,เดนมาร์ก,1B,ทวีปยุโรป,1352793.0,5718.0
2023-07,2023,7,3,327,SE,สวีเดน,1B,ทวีปยุโรป,1554548.0,2811.0
2023-07,2023,7,3,323,IT,อิตาลี,1B,ทวีปยุโรป,150324.0,509.0
2023-07,2023,7,3,273,SG,สิงคโปร์,1A,ทวีปเอเชีย,319500.0,5980.0
2023-07,2023,7,3,432,CM,แคเมอรูน,1E,ทวีปแอฟริกา,0.0,0.0
2023-07,2023,7,3,266,BN,บรูไน,1A,ทวีปเอเชีย,1750061.0,9857.0
2023-07,2023,7,3,294,OM,โอมาน,1A,ทวีปเอเชีย,464539.0,831.0
2023-07,2023,7,3,345,RU,รัสเซีย,1B,ทวีปยุโรป,141594.0,559.0
2023-07,2023,7,3,322,IE,ไอร์แลนด์,1B,ทวีปยุโรป,596760.0,1059.0
2023-07,2023,7,3,312,AT,ออสเตรีย,1B,ทวีปยุโรป,86894.0,171.0
2023-07,2023,7,3,295,QA,กาตาร์,1A,ทวีปเอเชีย,366108.0,414.0
2023-07,2023,7,3,447,KE,เคนยา,1E,ทวีปแอฟริกา,164623.0,841.0
2023-07,2023,7,3,268,KH,กัมพูชา,1A,ทวีปเอเชีย,132000.0,1200.0
2023-07,2023,7,3,296,SA,ซาอุดีอาระเบีย,1A,ทวีปเอเชีย,65132.0,322.0
2023-07,2023,7,3,292,KW,คูเวต,1A,ทวีปเอเชีย,68253.0,217.0
2023-07,2023,7,3,281,MV,มัลดีฟส์,1A,ทวีปเอเชีย,63384.0,108.0
2023-07,2023,7,3,286,BH,บาห์เรน,1A,ทวีปเอเชีย,62433.0,424.0
2023-07,2023,7,3,318,FI,ฟินแลนด์,1B,ทวีปยุโรป,15660.0,12.0
2023-07,2023,7,3,461,NG,ไนจีเรีย,1E,ทวีปแอฟริกา,42000.0,125.0
2023-07,2023,7,3,277,BD,บังกลาเทศ,1A,ทวีปเอเชีย,8976.0,216.0
2023-07,2023,7,3,279,IN,อินเดีย,1A,ทวีปเอเชีย,0.0,0.0
2023-07,2023,7,3,478,ZA,แอฟริกาใต้,1E,ทวีปแอฟริกา,0.0,0.0
2023-07,2023,7,3,441,GH,กานา,1E,ทวีปแอฟริกา,0.0,0.0
2023-07,2023,7,3,313,BE,เบลเยียม,1B,ทวีปยุโรป,16430.0,175.0
2023-07,2023,7,3,341,KZ,คาซัคสถาน,1A,ทวีปเอเชีย,0.0,0.0
2023-07,2023,7,3,339,HU,ฮังการี,1B,ทวีปยุโรป,7859.0,20.0
2023-07,2023,7,3,344,RO,โรมาเนีย,1B,ทวีปยุโรป,3910.0,10.0
2023-07,2023,7,3,282,NP,เนปาล,1A,ทวีปเอเชีย,0.0,0.0
2023-08,2023,8,3,302,CN,จีน,1A,ทวีปเอเชีย,8137733625.0,56869953.0
2023-08,2023,8,3,303,HK,ฮ่องกง,1A,ทวีปเอเชีย,43080473.0,257640.0
2023-08,2023,8,3,271,MY,มาเลเซีย,1A,ทวีปเอเชีย,353183500.0,9415500.0
2023-08,2023,8,3,309,TW,ไต้หวัน,1A,ทวีปเอเชีย,3814506.0,36518.0
2023-08,2023,8,3,373,US,สหรัฐอเมริกา,1C,ทวีปอเมริกาเหนือ,20881224.0,65123.0
2023-08,2023,8,3,306,KR,เกาหลีใต้,1A,ทวีปเอเชีย,7706545.0,96578.0
2023-08,2023,8,3,304,JP,ญี่ปุ่น,1A,ทวีปเอเชีย,4825784.0,18254.0
2023-08,2023,8,3,483,AU,ออสเตรเลีย,1F,ทวีปออสเตรเลีย,2815653.0,5552.0
2023-08,2023,8,3,320,GB,สหราชอาณาจักร,1B,ทวีปยุโรป,4465306.0,11203.0
2023-08,2023,8,3,319,FR,ฝรั่งเศส,1B,ทวีปยุโรป,4287050.0,12863.0
2023-08,2023,8,3,336,CZ,สาธารณรัฐเช็ก,1B,ทวีปยุโรป,2675821.0,4710.0
2023-08,2023,8,3,274,VN,เวียดนาม,1A,ทวีปเอเชีย,554498.0,19200.0
2023-08,2023,8,3,325,NL,เนเธอร์แลนด์,1B,ทวีปยุโรป,3300608.0,5022.0
2023-08,2023,8,3,285,AE,สหรัฐอาหรับเอมิเรตส์,1A,ทวีปเอเชีย,1244093.0,2937.0
2023-08,2023,8,3,366,NO,นอร์เวย์,1B,ทวีปยุโรป,2609906.0,4468.0
2023-08,2023,8,3,315,DE,เยอรมนี,1B,ทวีปยุโรป,1366364.0,2459.0
2023-08,2023,8,3,269,LA,สปป. ลาว,1A,ทวีปเอเชีย,0.0,0.0
2023-08,2023,8,3,371,CA,แคนาดา,1C,ทวีปอเมริกาเหนือ,714235.0,1094.0
2023-08,2023,8,3,497,NZ,นิวซีแลนด์,1F,ทวีปออสเตรเลีย,724132.0,864.0
2023-08,2023,8,3,356,CH,สวิตเซอร์แลนด์,1B,ทวีปยุโรป,1360761.0,2514.0
2023-08,2023,8,3,317,ES,สเปน,1B,ทวีปยุโรป,708662.0,2372.0
2023-08,2023,8,3,316,DK,เดนมาร์ก,1B,ทวีปยุโรป,1054840.0,4162.0
2023-08,2023,8,3,327,SE,สวีเดน,1B,ทวีปยุโรป,1243027.0,2699.0
2023-08,2023,8,3,323,IT,อิตาลี,1B,ทวีปยุโรป,1129034.0,3544.0
2023-08,2023,8,3,273,SG,สิงคโปร์,1A,ทวีปเอเชีย,112500.0,2500.0
2023-08,2023,8,3,432,CM,แคเมอรูน,1E,ทวีปแอฟริกา,0.0,0.0
2023-08,2023,8,3,266,BN,บรูไน,1A,ทวีปเอเชีย,674977.0,2496.0
2023-08,2023,8,3,294,OM,โอมาน,1A,ทวีปเอเชีย,326001.0,738.0
2023-08,2023,8,3,345,RU,รัสเซีย,1B,ทวีปยุโรป,254050.0,925.0
2023-08,2023,8,3,322,IE,ไอร์แลนด์,1B,ทวีปยุโรป,426367.0,720.0
2023-08,2023,8,3,312,AT,ออสเตรีย,1B,ทวีปยุโรป,132725.0,218.0
2023-08,2023,8,3,295,QA,กาตาร์,1A,ทวีปเอเชีย,302727.0,406.0
2023-08,2023,8,3,447,KE,เคนยา,1E,ทวีปแอฟริกา,62531.0,214.0
2023-08,2023,8,3,268,KH,กัมพูชา,1A,ทวีปเอเชีย,0.0,0.0
2023-08,2023,8,3,296,SA,ซาอุดีอาระเบีย,1A,ทวีปเอเชีย,62789.0,329.0
2023-08,2023,8,3,292,KW,คูเวต,1A,ทวีปเอเชีย,75610.0,269.0
2023-08,2023,8,3,286,BH,บาห์เรน,1A,ทวีปเอเชีย,101397.0,453.0
2023-08,2023,8,3,281,MV,มัลดีฟส์,1A,ทวีปเอเชีย,7465.0,12.0
2023-08,2023,8,3,318,FI,ฟินแลนด์,1B,ทวีปยุโรป,0.0,0.0
2023-08,2023,8,3,461,NG,ไนจีเรีย,1E,ทวีปแอฟริกา,0.0,0.0
2023-08,2023,8,3,458,MZ,โมซัมบิก,1E,ทวีปแอฟริกา,93940.0,430.0
2023-08,2023,8,3,277,BD,บังกลาเทศ,1A,ทวีปเอเชีย,11179.0,247.0
2023-08,2023,8,3,279,IN,อินเดีย,1A,ทวีปเอเชีย,0.0,0.0
2023-08,2023,8,3,478,ZA,แอฟริกาใต้,1E,ทวีปแอฟริกา,0.0,0.0
2023-08,2023,8,3,313,BE,เบลเยียม,1B,ทวีปยุโรป,13053.0,138.0
2023-08,2023,8,3,441,GH,กานา,1E,ทวีปแอฟริกา,0.0,0.0
2023-08,2023,8,3,341,KZ,คาซัคสถาน,1A,ทวีปเอเชีย,0.0,0.0
2023-08,2023,8,3,339,HU,ฮังการี,1B,ทวีปยุโรป,0.0,0.0
2023-08,2023,8,3,282,NP,เนปาล,1A,ทวีปเอเชีย,3228.0,50.0
2023-08,2023,8,3,344,RO,โรมาเนีย,1B,ทวีปยุโรป,0.0,0.0
2023-09,2023,9,3,302,CN,จีน,1A,ทวีปเอเชีย,7964535679.0,57119702.0
2023-09,2023,9,3,303,HK,ฮ่องกง,1A,ทวีปเอเชีย,59813486.0,447064.0
2023-09,2023,9,3,271,MY,มาเลเซีย,1A,ทวีปเอเชีย,153362500.0,4159900.0
2023-09,2023,9,3,309,TW,ไต้หวัน,1A,ทวีปเอเชีย,11209463.0,79575.0
2023-09,2023,9,3,373,US,สหรัฐอเมริกา,1C,ทวีปอเมริกาเหนือ,17250298.0,49095.0
2023-09,2023,9,3,306,KR,เกาหลีใต้,1A,ทวีปเอเชีย,6498311.0,76184.0
2023-09,2023,9,3,304,JP,ญี่ปุ่น,1A,ทวีปเอเชีย,2188679.0,6641.0
2023-09,2023,9,3,483,AU,ออสเตรเลีย,1F,ทวีปออสเตรเลีย,2882845.0,4277.0
2023-09,2023,9,3,320,GB,สหราชอาณาจักร,1B,ทวีปยุโรป,3640746.0,7994.0
2023-09,2023,9,3,319,FR,ฝรั่งเศส,1B,ทวีปยุโรป,4294780.0,12463.0
2023-09,2023,9,3,336,CZ,สาธารณรัฐเช็ก,1B,ทวีปยุโรป,3127387.0,5515.0
2023-09,2023,9,3,325,NL,เนเธอร์แลนด์,1B,ทวีปยุโรป,1802308.0,3372.0
2023-09,2023,9,3,285,AE,สหรัฐอาหรับเอมิเรตส์,1A,ทวีปเอเชีย,1781086.0,5472.0
2023-09,2023,9,3,274,VN,เวียดนาม,1A,ทวีปเอเชีย,569276.0,19200.0
2023-09,2023,9,3,366,NO,นอร์เวย์,1B,ทวีปยุโรป,2157413.0,3581.0
2023-09,2023,9,3,315,DE,เยอรมนี,1B,ทวีปยุโรป,874497.0,1833.0
2023-09,2023,9,3,269,LA,สปป. ลาว,1A,ทวีปเอเชีย,0.0,0.0
2023-09,2023,9,3,497,NZ,นิวซีแลนด์,1F,ทวีปออสเตรเลีย,1146748.0,1896.0
2023-09,2023,9,3,371,CA,แคนาดา,1C,ทวีปอเมริกาเหนือ,560292.0,849.0
2023-09,2023,9,3,356,CH,สวิตเซอร์แลนด์,1B,ทวีปยุโรป,743793.0,1448.0
2023-09,2023,9,3,317,ES,สเปน,1B,ทวีปยุโรป,1256147.0,5636.0
2023-09,2023,9,3,316,DK,เดนมาร์ก,1B,ทวีปยุโรป,1146041.0,4948.0
2023-09,2023,9,3,323,IT,อิตาลี,1B,ทวีปยุโรป,1600046.0,4061.0
2023-09,2023,9,3,327,SE,สวีเดน,1B,ทวีปยุโรป,978180.0,1291.0
2023-09,2023,9,3,273,SG,สิงคโปร์,1A,ทวีปเอเชีย,0.0,0.0
2023-09,2023,9,3,432,CM,แคเมอรูน,1E,ทวีปแอฟริกา,0.0,0.0
2023-09,2023,9,3,266,BN,บรูไน,1A,ทวีปเอเชีย,200260.0,1008.0
2023-09,2023,9,3,294,OM,โอมาน,1A,ทวีปเอเชีย,547905.0,865.0
2023-09,2023,9,3,345,RU,รัสเซีย,1B,ทวีปยุโรป,214907.0,767.0
2023-09,2023,9,3,322,IE,ไอร์แลนด์,1B,ทวีปยุโรป,254236.0,454.0
2023-09,2023,9,3,312,AT,ออสเตรีย,1B,ทวีปยุโรป,110686.0,212.0
2023-09,2023,9,3,295,QA,กาตาร์,1A,ทวีปเอเชีย,160273.0,242.0
2023-09,2023,9,3,447,KE,เคนยา,1E,ทวีปแอฟริกา,114997.0,349.0
2023-09,2023,9,3,292,KW,คูเวต,1A,ทวีปเอเชีย,104664.0,353.0
2023-09,2023,9,3,286,BH,บาห์เรน,1A,ทวีปเอเชีย,146869.0,566.0
2023-09,2023,9,3,296,SA,ซาอุดีอาระเบีย,1A,ทวีปเอเชีย,67298.0,329.0
2023-09,2023,9,3,268,KH,กัมพูชา,1A,ทวีปเอเชีย,0.0,0.0
2023-09,2023,9,3,281,MV,มัลดีฟส์,1A,ทวีปเอเชีย,87080.0,160.0
2023-09,2023,9,3,318,FI,ฟินแลนด์,1B,ทวีปยุโรป,0.0,0.0
2023-09,2023,9,3,461,NG,ไนจีเรีย,1E,ทวีปแอฟริกา,0.0,0.0
2023-09,2023,9,3,441,GH,กานา,1E,ทวีปแอฟริกา,56000.0,48.0
2023-09,2023,9,3,458,MZ,โมซัมบิก,1E,ทวีปแอฟริกา,0.0,0.0
2023-09,2023,9,3,277,BD,บังกลาเทศ,1A,ทวีปเอเชีย,13254.0,336.0
2023-09,2023,9,3,279,IN,อินเดีย,1A,ทวีปเอเชีย,0.0,0.0
2023-09,2023,9,3,478,ZA,แอฟริกาใต้,1E,ทวีปแอฟริกา,0.0,0.0
2023-09,2023,9,3,313,BE,เบลเยียม,1B,ทวีปยุโรป,2265.0,120.0
2023-09,2023,9,3,341,KZ,คาซัคสถาน,1A,ทวีปเอเชีย,0.0,0.0
2023-09,2023,9,3,282,NP,เนปาล,1A,ทวีปเอเชีย,4308.0,65.0
2023-09,2023,9,3,339,HU,ฮังการี,1B,ทวีปยุโรป,0.0,0.0
2023-09,2023,9,3,344,RO,โรมาเนีย,1B,ทวีปยุโรป,0.0,0.0
2023-10,2023,10,4,302,CN,จีน,1A,ทวีปเอเชีย,2285194975.0,15705284.0
2023-10,2023,10,4,303,HK,ฮ่องกง,1A,ทวีปเอเชีย,709256.0,4333.0
2023-10,2023,10,4,271,MY,มาเลเซีย,1A,ทวีปเอเชีย,2565000.0,67000.0
2023-10,2023,10,4,309,TW,ไต้หวัน,1A,ทวีปเอเชีย,0.0,0.0
2023-10,2023,10,4,373,US,สหรัฐอเมริกา,1C,ทวีปอเมริกาเหนือ,12029510.0,36043.0
2023-10,2023,10,4,306,KR,เกาหลีใต้,1A,ทวีปเอเชีย,5743349.0,52499.0
2023-10,2023,10,4,304,JP,ญี่ปุ่น,1A,ทวีปเอเชีย,1300366.0,4430.0
2023-10,2023,10,4,483,AU,ออสเตรเลีย,1F,ทวีปออสเตรเลีย,1101927.0,2052.0
2023-10,2023,10,4,320,GB,สหราชอาณาจักร,1B,ทวีปยุโรป,2488382.0,5829.0
2023-10,2023,10,4,319,FR,ฝรั่งเศส,1B,ทวีปยุโรป,388239.0,2077.0
2023-10,2023,10,4,336,CZ,สาธารณรัฐเช็ก,1B,ทวีปยุโรป,2541543.0,4392.0
2023-10,2023,10,4,325,NL,เนเธอร์แลนด์,1B,ทวีปยุโรป,1138035.0,1647.0
2023-10,2023,10,4,274,VN,เวียดนาม,1A,ทวีปเอเชีย,1531576.0,16320.0
2023-10,2023,10,4,285,AE,สหรัฐอาหรับเอมิเรตส์,1A,ทวีปเอเชีย,1330179.0,5522.0
2023-10,2023,10,4,366,NO,นอร์เวย์,1B,ทวีปยุโรป,1440374.0,2482.0
2023-10,2023,10,4,315,DE,เยอรมนี,1B,ทวีปยุโรป,279229.0,658.0
2023-10,2023,10,4,497,NZ,นิวซีแลนด์,1F,ทวีปออสเตรเลีย,229799.0,420.0
2023-10,2023,10,4,269,LA,สปป. ลาว,1A,ทวีปเอเชีย,0.0,0.0
2023-10,2023,10,4,356,CH,สวิตเซอร์แลนด์,1B,ทวีปยุโรป,558274.0,1092.0
2023-10,2023,10,4,371,CA,แคนาดา,1C,ทวีปอเมริกาเหนือ,231542.0,310.0
2023-10,2023,10,4,316,DK,เดนมาร์ก,1B,ทวีปยุโรป,907255.0,4139.0
2023-10,2023,10,4,317,ES,สเปน,1B,ทวีปยุโรป,0.0,0.0
2023-10,2023,10,4,323,IT,อิตาลี,1B,ทวีปยุโรป,410263.0,740.0
2023-10,2023,10,4,327,SE,สวีเดน,1B,ทวีปยุโรป,504959.0,772.0
2023-10,2023,10,4,273,SG,สิงคโปร์,1A,ทวีปเอเชีย,0.0,0.0
2023-10,2023,10,4,432,CM,แคเมอรูน,1E,ทวีปแอฟริกา,0.0,0.0
2023-10,2023,10,4,266,BN,บรูไน,1A,ทวีปเอเชีย,0.0,0.0
2023-10,2023,10,4,294,OM,โอมาน,1A,ทวีปเอเชีย,445449.0,704.0
2023-10,2023,10,4,322,IE,ไอร์แลนด์,1B,ทวีปยุโรป,268162.0,444.0
2023-10,2023,10,4,345,RU,รัสเซีย,1B,ทวีปยุโรป,58132.0,252.0
2023-10,2023,10,4,312,AT,ออสเตรีย,1B,ทวีปยุโรป,68765.0,125.0
2023-10,2023,10,4,295,QA,กาตาร์,1A,ทวีปเอเชีย,149085.0,272.0
2023-10,2023,10,4,447,KE,เคนยา,1E,ทวีปแอฟริกา,94721.0,298.0
2023-10,2023,10,4,292,KW,คูเวต,1A,ทวีปเอเชีย,58817.0,207.0
2023-10,2023,10,4,296,SA,ซาอุดีอาระเบีย,1A,ทวีปเอเชีย,64516.0,313.0
2023-10,2023,10,4,286,BH,บาห์เรน,1A,ทวีปเอเชีย,60906.0,191.0
2023-10,2023,10,4,268,KH,กัมพูชา,1A,ทวีปเอเชีย,0.0,0.0
2023-10,2023,10,4,281,MV,มัลดีฟส์,1A,ทวีปเอเชีย,34686.0,55.0
2023-10,2023,10,4,318,FI,ฟินแลนด์,1B,ทวีปยุโรป,0.0,0.0
2023-10,2023,10,4,461,NG,ไนจีเรีย,1E,ทวีปแอฟริกา,0.0,0.0
2023-10,2023,10,4,441,GH,กานา,1E,ทวีปแอฟริกา,0.0,0.0
2023-10,2023,10,4,277,BD,บังกลาเทศ,1A,ทวีปเอเชีย,9370.0,182.0
2023-10,2023,10,4,458,MZ,โมซัมบิก,1E,ทวีปแอฟริกา,0.0,0.0
2023-10,2023,10,4,313,BE,เบลเยียม,1B,ทวีปยุโรป,2650.0,140.0
2023-10,2023,10,4,279,IN,อินเดีย,1A,ทวีปเอเชีย,0.0,0.0
2023-10,2023,10,4,478,ZA,แอฟริกาใต้,1E,ทวีปแอฟริกา,0.0,0.0
2023-10,2023,10,4,341,KZ,คาซัคสถาน,1A,ทวีปเอเชีย,0.0,0.0
2023-10,2023,10,4,282,NP,เนปาล,1A,ทวีปเอเชีย,0.0,0.0
2023-10,2023,10,4,339,HU,ฮังการี,1B,ทวีปยุโรป,0.0,0.0
2023-10,2023,10,4,344,RO,โรมาเนีย,1B,ทวีปยุโรป,0.0,0.0
2023-11,2023,11,4,302,CN,จีน,1A,ทวีปเอเชีย,1732088045.0,10457419.0
2023-11,2023,11,4,303,HK,ฮ่องกง,1A,ทวีปเอเชีย,723513.0,2847.0
2023-11,2023,11,4,271,MY,มาเลเซีย,1A,ทวีปเอเชีย,0.0,0.0
2023-11,2023,11,4,309,TW,ไต้หวัน,1A,ทวีปเอเชีย,62000.0,620.0
2023-11,2023,11,4,373,US,สหรัฐอเมริกา,1C,ทวีปอเมริกาเหนือ,7425017.0,16625.0
2023-11,2023,11,4,306,KR,เกาหลีใต้,1A,ทวีปเอเชีย,2905400.0,29398.0
2023-11,2023,11,4,304,JP,ญี่ปุ่น,1A,ทวีปเอเชีย,1350761.0,4206.0
2023-11,2023,11,4,483,AU,ออสเตรเลีย,1F,ทวีปออสเตรเลีย,711155.0,1264.0
2023-11,2023,11,4,320,GB,สหราชอาณาจักร,1B,ทวีปยุโรป,1940334.0,4228.0
2023-11,2023,11,4,319,FR,ฝรั่งเศส,1B,ทวีปยุโรป,1656950.0,3999.0
2023-11,2023,11,4,336,CZ,สาธารณรัฐเช็ก,1B,ทวีปยุโรป,1267540.0,2691.0
2023-11,2023,11,4,325,NL,เนเธอร์แลนด์,1B,ทวีปยุโรป,1522145.0,2169.0
2023-11,2023,11,4,285,AE,สหรัฐอาหรับเอมิเรตส์,1A,ทวีปเอเชีย,741025.0,2691.0
2023-11,2023,11,4,274,VN,เวียดนาม,1A,ทวีปเอเชีย,208000.0,10400.0
2023-11,2023,11,4,366,NO,นอร์เวย์,1B,ทวีปยุโรป,725641.0,1114.0
2023-11,2023,11,4,315,DE,เยอรมนี,1B,ทวีปยุโรป,258289.0,511.0
2023-11,2023,11,4,497,NZ,นิวซีแลนด์,1F,ทวีปออสเตรเลีย,364452.0,769.0
2023-11,2023,11,4,316,DK,เดนมาร์ก,1B,ทวีปยุโรป,731588.0,2703.0
2023-11,2023,11,4,356,CH,สวิตเซอร์แลนด์,1B,ทวีปยุโรป,246955.0,469.0
2023-11,2023,11,4,269,LA,สปป. ลาว,1A,ทวีปเอเชีย,0.0,0.0
2023-11,2023,11,4,371,CA,แคนาดา,1C,ทวีปอเมริกาเหนือ,46534.0,61.0
2023-11,2023,11,4,317,ES,สเปน,1B,ทวีปยุโรป,552335.0,1305.0
2023-11,2023,11,4,323,IT,อิตาลี,1B,ทวีปยุโรป,552378.0,1296.0
2023-11,2023,11,4,327,SE,สวีเดน,1B,ทวีปยุโรป,312098.0,667.0
2023-11,2023,11,4,273,SG,สิงคโปร์,1A,ทวีปเอเชีย,0.0,0.0
2023-11,2023,11,4,432,CM,แคเมอรูน,1E,ทวีปแอฟริกา,0.0,0.0
2023-11,2023,11,4,294,OM,โอมาน,1A,ทวีปเอเชีย,297840.0,420.0
2023-11,2023,11,4,266,BN,บรูไน,1A,ทวีปเอเชีย,0.0,0.0
2023-11,2023,11,4,322,IE,ไอร์แลนด์,1B,ทวีปยุโรป,179786.0,272.0
2023-11,2023,11,4,345,RU,รัสเซีย,1B,ทวีปยุโรป,75962.0,298.0
2023-11,2023,11,4,312,AT,ออสเตรีย,1B,ทวีปยุโรป,23175.0,52.0
2023-11,2023,11,4,295,QA,กาตาร์,1A,ทวีปเอเชีย,129593.0,333.0
2023-11,2023,11,4,447,KE,เคนยา,1E,ทวีปแอฟริกา,0.0,0.0
2023-11,2023,11,4,286,BH,บาห์เรน,1A,ทวีปเอเชีย,123317.0,381.0
2023-11,2023,11,4,292,KW,คูเวต,1A,ทวีปเอเชีย,51703.0,241.0
2023-11,2023,11,4,296,SA,ซาอุดีอาระเบีย,1A,ทวีปเอเชีย,49983.0,233.0
2023-11,2023,11,4,268,KH,กัมพูชา,1A,ทวีปเอเชีย,0.0,0.0
2023-11,2023,11,4,281,MV,มัลดีฟส์,1A,ทวีปเอเชีย,27287.0,35.0
2023-11,2023,11,4,277,BD,บังกลาเทศ,1A,ทวีปเอเชีย,143662.0,1663.0
2023-11,2023,11,4,318,FI,ฟินแลนด์,1B,ทวีปยุโรป,0.0,0.0
2023-11,2023,11,4,461,NG,ไนจีเรีย,1E,ทวีปแอฟริกา,0.0,0.0
2023-11,2023,11,4,441,GH,กานา,1E,ทวีปแอฟริกา,0.0,0.0
2023-11,2023,11,4,458,MZ,โมซัมบิก,1E,ทวีปแอฟริกา,0.0,0.0
2023-11,2023,11,4,313,BE,เบลเยียม,1B,ทวีปยุโรป,1805.0,95.0
2023-11,2023,11,4,279,IN,อินเดีย,1A,ทวีปเอเชีย,0.0,0.0
2023-11,2023,11,4,478,ZA,แอฟริกาใต้,1E,ทวีปแอฟริกา,0.0,0.0
2023-11,2023,11,4,341,KZ,คาซัคสถาน,1A,ทวีปเอเชีย,0.0,0.0
2023-11,2023,11,4,282,NP,เนปาล,1A,ทวีปเอเชีย,823.0,12.0
2023-11,2023,11,4,339,HU,ฮังการี,1B,ทวีปยุโรป,0.0,0.0
2023-11,2023,11,4,344,RO,โรมาเนีย,1B,ทวีปยุโรป,0.0,0.0
2023-12,2023,12,4,302,CN,จีน,1A,ทวีปเอเชีย,2688497867.0,15621732.0
2023-12,2023,12,4,303,HK,ฮ่องกง,1A,ทวีปเอเชีย,631470.0,4217.0
2023-12,2023,12,4,271,MY,มาเลเซีย,1A,ทวีปเอเชีย,0.0,0.0
2023-12,2023,12,4,309,TW,ไต้หวัน,1A,ทวีปเอเชีย,2138400.0,15200.0
2023-12,2023,12,4,373,US,สหรัฐอเมริกา,1C,ทวีปอเมริกาเหนือ,4825666.0,16388.0
2023-12,2023,12,4,306,KR,เกาหลีใต้,1A,ทวีปเอเชีย,3067180.0,26764.0
2023-12,2023,12,4,304,JP,ญี่ปุ่น,1A,ทวีปเอเชีย,1470379.0,5028.0
2023-12,2023,12,4,483,AU,ออสเตรเลีย,1F,ทวีปออสเตรเลีย,385188.0,584.0
2023-12,2023,12,4,320,GB,สหราชอาณาจักร,1B,ทวีปยุโรป,1344641.0,2051.0
2023-12,2023,12,4,319,FR,ฝรั่งเศส,1B,ทวีปยุโรป,628992.0,1179.0
2023-12,2023,12,4,336,CZ,สาธารณรัฐเช็ก,1B,ทวีปยุโรป,945970.0,1934.0
2023-12,2023,12,4,325,NL,เนเธอร์แลนด์,1B,ทวีปยุโรป,392271.0,934.0
2023-12,2023,12,4,285,AE,สหรัฐอาหรับเอมิเรตส์,1A,ทวีปเอเชีย,436696.0,1587.0
2023-12,2023,12,4,274,VN,เวียดนาม,1A,ทวีปเอเชีย,0.0,0.0
2023-12,2023,12,4,366,NO,นอร์เวย์,1B,ทวีปยุโรป,456491.0,666.0
2023-12,2023,12,4,315,DE,เยอรมนี,1B,ทวีปยุโรป,126675.0,250.0
2023-12,2023,12,4,316,DK,เดนมาร์ก,1B,ทวีปยุโรป,300037.0,438.0
2023-12,2023,12,4,497,NZ,นิวซีแลนด์,1F,ทวีปออสเตรเลีย,0.0,0.0
2023-12,2023,12,4,317,ES,สเปน,1B,ทวีปยุโรป,803441.0,2282.0
2023-12,2023,12,4,356,CH,สวิตเซอร์แลนด์,1B,ทวีปยุโรป,104636.0,301.0
2023-12,2023,12,4,269,LA,สปป. ลาว,1A,ทวีปเอเชีย,0.0,0.0
2023-12,2023,12,4,323,IT,อิตาลี,1B,ทวีปยุโรป,436280.0,970.0
2023-12,2023,12,4,371,CA,แคนาดา,1C,ทวีปอเมริกาเหนือ,27373.0,44.0
2023-12,2023,12,4,327,SE,สวีเดน,1B,ทวีปยุโรป,61088.0,257.0
2023-12,2023,12,4,273,SG,สิงคโปร์,1A,ทวีปเอเชีย,0.0,0.0
2023-12,2023,12,4,432,CM,แคเมอรูน,1E,ทวีปแอฟริกา,0.0,0.0
2023-12,2023,12,4,294,OM,โอมาน,1A,ทวีปเอเชีย,213664.0,307.0
2023-12,2023,12,4,266,BN,บรูไน,1A,ทวีปเอเชีย,0.0,0.0
2023-12,2023,12,4,322,IE,ไอร์แลนด์,1B,ทวีปยุโรป,112573.0,195.0
2023-12,2023,12,4,345,RU,รัสเซีย,1B,ทวีปยุโรป,207679.0,809.0
2023-12,2023,12,4,312,AT,ออสเตรีย,1B,ทวีปยุโรป,30011.0,71.0
2023-12,2023,12,4,295,QA,กาตาร์,1A,ทวีปเอเชีย,137115.0,470.0
2023-12,2023,12,4,447,KE,เคนยา,1E,ทวีปแอฟริกา,0.0,0.0
2023-12,2023,12,4,292,KW,คูเวต,1A,ทวีปเอเชีย,114344.0,324.0
2023-12,2023,12,4,286,BH,บาห์เรน,1A,ทวีปเอเชีย,11043.0,55.0
2023-12,2023,12,4,296,SA,ซาอุดีอาระเบีย,1A,ทวีปเอเชีย,61153.0,302.0
2023-12,2023,12,4,268,KH,กัมพูชา,1A,ทวีปเอเชีย,102000.0,2040.0
2023-12,2023,12,4,281,MV,มัลดีฟส์,1A,ทวีปเอเชีย,9428.0,36.0
2023-12,2023,12,4,277,BD,บังกลาเทศ,1A,ทวีปเอเชีย,13889.0,167.0
2023-12,2023,12,4,318,FI,ฟินแลนด์,1B,ทวีปยุโรป,0.0,0.0
2023-12,2023,12,4,469,SN,เซเนกัล,1E,ทวีปแอฟริกา,212885.0,4264.0
2023-12,2023,12,4,461,NG,ไนจีเรีย,1E,ทวีปแอฟริกา,0.0,0.0
2023-12,2023,12,4,441,GH,กานา,1E,ทวีปแอฟริกา,0.0,0.0
2023-12,2023,12,4,458,MZ,โมซัมบิก,1E,ทวีปแอฟริกา,0.0,0.0
2023-12,2023,12,4,313,BE,เบลเยียม,1B,ทวีปยุโรป,1875.0,99.0
2023-12,2023,12,4,279,IN,อินเดีย,1A,ทวีปเอเชีย,0.0,0.0
2023-12,2023,12,4,478,ZA,แอฟริกาใต้,1E,ทวีปแอฟริกา,0.0,0.0
2023-12,2023,12,4,341,KZ,คาซัคสถาน,1A,ทวีปเอเชีย,0.0,0.0
2023-12,2023,12,4,282,NP,เนปาล,1A,ทวีปเอเชีย,0.0,0.0
2023-12,2023,12,4,339,HU,ฮังการี,1B,ทวีปยุโรป,0.0,0.0
2023-12,2023,12,4,344,RO,โรมาเนีย,1B,ทวีปยุโรป,0.0,0.0
2023-12,2023,12,4,360,IS,ไอซ์แลนด์,1B,ทวีปยุโรป,1400.0,10.0
2024-01,2024,1,1,302,CN,จีน,1A,ทวีปเอเชีย,1670074906.0,9122091.0
2024-01,2024,1,1,373,US,สหรัฐอเมริกา,1C,ทวีปอเมริกาเหนือ,5304574.0,18621.0
2024-01,2024,1,1,306,KR,เกาหลีใต้,1A,ทวีปเอเชีย,4090961.0,24232.0
2024-01,2024,1,1,320,GB,สหราชอาณาจักร,1B,ทวีปยุโรป,1244016.0,2199.0
2024-01,2024,1,1,336,CZ,สาธารณรัฐเช็ก,1B,ทวีปยุโรป,942780.0,2012.0
2024-01,2024,1,1,285,AE,สหรัฐอาหรับเอมิเรตส์,1A,ทวีปเอเชีย,442533.0,1289.0
2024-01,2024,1,1,366,NO,นอร์เวย์,1B,ทวีปยุโรป,420063.0,618.0
2024-01,2024,1,1,316,DK,เดนมาร์ก,1B,ทวีปยุโรป,261126.0,340.0
2024-01,2024,1,1,322,IE,ไอร์แลนด์,1B,ทวีปยุโรป,240659.0,370.0
2024-01,2024,1,1,294,OM,โอมาน,1A,ทวีปเอเชีย,206585.0,279.0
2024-01,2024,1,1,304,JP,ญี่ปุ่น,1A,ทวีปเอเชีย,178369.0,808.0
2024-01,2024,1,1,315,DE,เยอรมนี,1B,ทวีปยุโรป,155342.0,312.0
2024-01,2024,1,1,325,NL,เนเธอร์แลนด์,1B,ทวีปยุโรป,148260.0,399.0
2024-01,2024,1,1,281,MV,มัลดีฟส์,1A,ทวีปเอเชีย,125921.0,168.0
2024-01,2024,1,1,356,CH,สวิตเซอร์แลนด์,1B,ทวีปยุโรป,90777.0,247.0
2024-01,2024,1,1,319,FR,ฝรั่งเศส,1B,ทวีปยุโรป,77993.0,182.0
2024-01,2024,1,1,345,RU,รัสเซีย,1B,ทวีปยุโรป,75418.0,338.0
2024-01,2024,1,1,317,ES,สเปน,1B,ทวีปยุโรป,73500.0,735.0
2024-01,2024,1,1,296,SA,ซาอุดีอาระเบีย,1A,ทวีปเอเชีย,58817.0,291.0
2024-01,2024,1,1,483,AU,ออสเตรเลีย,1F,ทวีปออสเตรเลีย,57751.0,150.0
2024-01,2024,1,1,295,QA,กาตาร์,1A,ทวีปเอเชีย,56068.0,165.0
2024-01,2024,1,1,303,HK,ฮ่องกง,1A,ทวีปเอเชีย,55000.0,307.0
2024-01,2024,1,1,286,BH,บาห์เรน,1A,ทวีปเอเชีย,37365.0,105.0
2024-01,2024,1,1,292,KW,คูเวต,1A,ทวีปเอเชีย,31969.0,161.0
2024-01,2024,1,1,327,SE,สวีเดน,1B,ทวีปยุโรป,24332.0,99.0
2024-01,2024,1,1,371,CA,แคนาดา,1C,ทวีปอเมริกาเหนือ,18513.0,24.0
2024-01,2024,1,1,282,NP,เนปาล,1A,ทวีปเอเชีย,12803.0,36.0
2024-01,2024,1,1,323,IT,อิตาลี,1B,ทวีปยุโรป,5871.0,6.0
2024-01,2024,1,1,277,BD,บังกลาเทศ,1A,ทวีปเอเชีย,4711.0,122.0
2024-01,2024,1,1,293,LB,เลบานอน,1A,ทวีปเอเชีย,1455.0,2.0
2024-01,2024,1,1,313,BE,เบลเยียม,1B,ทวีปยุโรป,754.0,40.0
2024-02,2024,2,1,302,CN,จีน,1A,ทวีปเอเชีย,1760137010.0,9021337.0
2024-02,2024,2,1,373,US,สหรัฐอเมริกา,1C,ทวีปอเมริกาเหนือ,7646763.0,20625.0
2024-02,2024,2,1,306,KR,เกาหลีใต้,1A,ทวีปเอเชีย,3981431.0,19201.0
2024-02,2024,2,1,320,GB,สหราชอาณาจักร,1B,ทวีปยุโรป,1484570.0,2086.0
2024-02,2024,2,1,336,CZ,สาธารณรัฐเช็ก,1B,ทวีปยุโรป,1115194.0,2345.0
2024-02,2024,2,1,323,IT,อิตาลี,1B,ทวีปยุโรป,1586796.0,3151.0
2024-02,2024,2,1,325,NL,เนเธอร์แลนด์,1B,ทวีปยุโรป,1434096.0,2525.0
2024-02,2024,2,1,483,AU,ออสเตรเลีย,1F,ทวีปออสเตรเลีย,1411254.0,2227.0
2024-02,2024,2,1,317,ES,สเปน,1B,ทวีปยุโรป,1183993.0,3055.0
2024-02,2024,2,1,319,FR,ฝรั่งเศส,1B,ทวีปยุโรป,1051911.0,2336.0
2024-02,2024,2,1,366,NO,นอร์เวย์,1B,ทวีปยุโรป,557506.0,914.0
2024-02,2024,2,1,316,DK,เดนมาร์ก,1B,ทวีปยุโรป,701376.0,416.0
2024-02,2024,2,1,285,AE,สหรัฐอาหรับเอมิเรตส์,1A,ทวีปเอเชีย,369164.0,1108.0
2024-02,2024,2,1,304,JP,ญี่ปุ่น,1A,ทวีปเอเชีย,458022.0,1700.0
2024-02,2024,2,1,294,OM,โอมาน,1A,ทวีปเอเชีย,226648.0,282.0
2024-02,2024,2,1,322,IE,ไอร์แลนด์,1B,ทวีปยุโรป,145469.0,226.0
2024-02,2024,2,1,371,CA,แคนาดา,1C,ทวีปอเมริกาเหนือ,303029.0,698.0
2024-02,2024,2,1,315,DE,เยอรมนี,1B,ทวีปยุโรป,141078.0,272.0
2024-02,2024,2,1,356,CH,สวิตเซอร์แลนด์,1B,ทวีปยุโรป,150086.0,432.0
2024-02,2024,2,1,303,HK,ฮ่องกง,1A,ทวีปเอเชีย,171082.0,609.0
2024-02,2024,2,1,345,RU,รัสเซีย,1B,ทวีปยุโรป,123298.0,390.0
2024-02,2024,2,1,309,TW,ไต้หวัน,1A,ทวีปเอเชีย,130000.0,650.0
2024-02,2024,2,1,281,MV,มัลดีฟส์,1A,ทวีปเอเชีย,0.0,0.0
2024-02,2024,2,1,296,SA,ซาอุดีอาระเบีย,1A,ทวีปเอเชีย,49303.0,215.0
2024-02,2024,2,1,295,QA,กาตาร์,1A,ทวีปเอเชีย,50323.0,128.0
2024-02,2024,2,1,292,KW,คูเวต,1A,ทวีปเอเชีย,37198.0,183.0
2024-02,2024,2,1,327,SE,สวีเดน,1B,ทวีปยุโรป,32547.0,167.0
2024-02,2024,2,1,286,BH,บาห์เรน,1A,ทวีปเอเชีย,10129.0,50.0
2024-02,2024,2,1,312,AT,ออสเตรีย,1B,ทวีปยุโรป,22720.0,50.0
2024-02,2024,2,1,282,NP,เนปาล,1A,ทวีปเอเชีย,0.0,0.0
2024-02,2024,2,1,277,BD,บังกลาเทศ,1A,ทวีปเอเชีย,8029.0,126.0
2024-02,2024,2,1,293,LB,เลบานอน,1A,ทวีปเอเชีย,0.0,0.0
2024-02,2024,2,1,313,BE,เบลเยียม,1B,ทวีปยุโรป,575.0,30.0
2024-03,2024,3,1,302,CN,จีน,1A,ทวีปเอเชีย,2161780142.0,10202834.0
2024-03,2024,3,1,268,KH,กัมพูชา,1A,ทวีปเอเชีย,127303000.0,396000.0
2024-03,2024,3,1,373,US,สหรัฐอเมริกา,1C,ทวีปอเมริกาเหนือ,6963043.0,19862.0
2024-03,2024,3,1,306,KR,เกาหลีใต้,1A,ทวีปเอเชีย,5142431.0,41829.0
2024-03,2024,3,1,303,HK,ฮ่องกง,1A,ทวีปเอเชีย,6119003.0,32999.0
2024-03,2024,3,1,320,GB,สหราชอาณาจักร,1B,ทวีปยุโรป,1129840.0,1642.0
2024-03,2024,3,1,336,CZ,สาธารณรัฐเช็ก,1B,ทวีปยุโรป,1244700.0,2594.0
2024-03,2024,3,1,325,NL,เนเธอร์แลนด์,1B,ทวีปยุโรป,798604.0,970.0
2024-03,2024,3,1,483,AU,ออสเตรเลีย,1F,ทวีปออสเตรเลีย,895288.0,1337.0
2024-03,2024,3,1,309,TW,ไต้หวัน,1A,ทวีปเอเชีย,1730540.0,13007.0
2024-03,2024,3,1,323,IT,อิตาลี,1B,ทวีปยุโรป,267048.0,245.0
2024-03,2024,3,1,366,NO,นอร์เวย์,1B,ทวีปยุโรป,529879.0,742.0
2024-03,2024,3,1,317,ES,สเปน,1B,ทวีปยุโรป,95500.0,955.0
2024-03,2024,3,1,316,DK,เดนมาร์ก,1B,ทวีปยุโรป,263860.0,359.0
2024-03,2024,3,1,285,AE,สหรัฐอาหรับเอมิเรตส์,1A,ทวีปเอเชีย,405529.0,1518.0
2024-03,2024,3,1,304,JP,ญี่ปุ่น,1A,ทวีปเอเชีย,564050.0,955.0
2024-03,2024,3,1,319,FR,ฝรั่งเศส,1B,ทวีปยุโรป,68115.0,288.0
2024-03,2024,3,1,294,OM,โอมาน,1A,ทวีปเอเชีย,182014.0,215.0
2024-03,2024,3,1,322,IE,ไอร์แลนด์,1B,ทวีปยุโรป,200999.0,260.0
2024-03,2024,3,1,315,DE,เยอรมนี,1B,ทวีปยุโรป,107756.0,169.0
2024-03,2024,3,1,371,CA,แคนาดา,1C,ทวีปอเมริกาเหนือ,74350.0,297.0
2024-03,2024,3,1,345,RU,รัสเซีย,1B,ทวีปยุโรป,186794.0,637.0
2024-03,2024,3,1,356,CH,สวิตเซอร์แลนด์,1B,ทวีปยุโรป,136126.0,406.0
2024-03,2024,3,1,318,FI,ฟินแลนด์,1B,ทวีปยุโรป,262593.0,324.0
2024-03,2024,3,1,296,SA,ซาอุดีอาระเบีย,1A,ทวีปเอเชีย,84686.0,318.0
2024-03,2024,3,1,271,MY,มาเลเซีย,1A,ทวีปเอเชีย,180000.0,4000.0
2024-03,2024,3,1,281,MV,มัลดีฟส์,1A,ทวีปเอเชีย,42027.0,58.0
2024-03,2024,3,1,295,QA,กาตาร์,1A,ทวีปเอเชีย,48971.0,132.0
2024-03,2024,3,1,292,KW,คูเวต,1A,ทวีปเอเชีย,51529.0,211.0
2024-03,2024,3,1,327,SE,สวีเดน,1B,ทวีปยุโรป,42268.0,174.0
2024-03,2024,3,1,286,BH,บาห์เรน,1A,ทวีปเอเชีย,32480.0,262.0
2024-03,2024,3,1,312,AT,ออสเตรีย,1B,ทวีปยุโรป,0.0,0.0
2024-03,2024,3,1,277,BD,บังกลาเทศ,1A,ทวีปเอเชีย,3597.0,124.0
2024-03,2024,3,1,282,NP,เนปาล,1A,ทวีปเอเชีย,0.0,0.0
2024-03,2024,3,1,293,LB,เลบานอน,1A,ทวีปเอเชีย,2860.0,4.0
2024-03,2024,3,1,313,BE,เบลเยียม,1B,ทวีปยุโรป,2878.0,30.0
2024-04,2024,4,2,302,CN,จีน,1A,ทวีปเอเชีย,34026669821.0,196877679.0
2024-04,2024,4,2,303,HK,ฮ่องกง,1A,ทวีปเอเชีย,622002563.0,3917457.0
2024-04,2024,4,2,268,KH,กัมพูชา,1A,ทวีปเอเชีย,0.0,0.0
2024-04,2024,4,2,309,TW,ไต้หวัน,1A,ทวีปเอเชีย,106591419.0,846637.0
2024-04,2024,4,2,306,KR,เกาหลีใต้,1A,ทวีปเอเชีย,70059033.0,432603.0
2024-04,2024,4,2,373,US,สหรัฐอเมริกา,1C,ทวีปอเมริกาเหนือ,14231645.0,41028.0
2024-04,2024,4,2,271,MY,มาเลเซีย,1A,ทวีปเอเชีย,12496500.0,277700.0
2024-04,2024,4,2,304,JP,ญี่ปุ่น,1A,ทวีปเอเชีย,10974763.0,27785.0
2024-04,2024,4,2,483,AU,ออสเตรเลีย,1F,ทวีปออสเตรเลีย,5790584.0,7766.0
2024-04,2024,4,2,320,GB,สหราชอาณาจักร,1B,ทวีปยุโรป,3076851.0,6158.0
2024-04,2024,4,2,336,CZ,สาธารณรัฐเช็ก,1B,ทวีปยุโรป,1933911.0,4921.0
2024-04,2024,4,2,325,NL,เนเธอร์แลนด์,1B,ทวีปยุโรป,2729809.0,4145.0
2024-04,2024,4,2,274,VN,เวียดนาม,1A,ทวีปเอเชีย,3324651.0,64190.0
2024-04,2024,4,2,269,LA,สปป. ลาว,1A,ทวีปเอเชีย,2902044.0,18000.0
2024-04,2024,4,2,316,DK,เดนมาร์ก,1B,ทวีปยุโรป,1521327.0,2118.0
2024-04,2024,4,2,323,IT,อิตาลี,1B,ทวีปยุโรป,847495.0,2959.0
2024-04,2024,4,2,366,NO,นอร์เวย์,1B,ทวีปยุโรป,1143399.0,2001.0
2024-04,2024,4,2,371,CA,แคนาดา,1C,ทวีปอเมริกาเหนือ,2165701.0,2493.0
2024-04,2024,4,2,319,FR,ฝรั่งเศส,1B,ทวีปยุโรป,1138536.0,5771.0
2024-04,2024,4,2,285,AE,สหรัฐอาหรับเอมิเรตส์,1A,ทวีปเอเชีย,949627.0,2980.0
2024-04,2024,4,2,317,ES,สเปน,1B,ทวีปยุโรป,372391.0,1712.0
2024-04,2024,4,2,315,DE,เยอรมนี,1B,ทวีปยุโรป,704161.0,1708.0
2024-04,2024,4,2,356,CH,สวิตเซอร์แลนด์,1B,ทวีปยุโรป,639469.0,1757.0
2024-04,2024,4,2,322,IE,ไอร์แลนด์,1B,ทวีปยุโรป,332286.0,403.0
2024-04,2024,4,2,294,OM,โอมาน,1A,ทวีปเอเชีย,260741.0,332.0
2024-04,2024,4,2,273,SG,สิงคโปร์,1A,ทวีปเอเชีย,832500.0,18500.0
2024-04,2024,4,2,345,RU,รัสเซีย,1B,ทวีปยุโรป,162209.0,599.0
2024-04,2024,4,2,327,SE,สวีเดน,1B,ทวีปยุโรป,401342.0,1067.0
2024-04,2024,4,2,497,NZ,นิวซีแลนด์,1F,ทวีปออสเตรเลีย,487080.0,538.0
2024-04,2024,4,2,318,FI,ฟินแลนด์,1B,ทวีปยุโรป,215764.0,240.0
2024-04,2024,4,2,295,QA,กาตาร์,1A,ทวีปเอเชีย,204841.0,420.0
2024-04,2024,4,2,296,SA,ซาอุดีอาระเบีย,1A,ทวีปเอเชีย,145420.0,666.0
2024-04,2024,4,2,312,AT,ออสเตรีย,1B,ทวีปยุโรป,277491.0,381.0
2024-04,2024,4,2,281,MV,มัลดีฟส์,1A,ทวีปเอเชีย,53990.0,71.0
2024-04,2024,4,2,292,KW,คูเวต,1A,ทวีปเอเชีย,64627.0,222.0
2024-04,2024,4,2,447,KE,เคนยา,1E,ทวีปแอฟริกา,151336.0,330.0
2024-04,2024,4,2,270,MM,เมียนมา,1A,ทวีปเอเชีย,150000.0,3000.0
2024-04,2024,4,2,266,BN,บรูไน,1A,ทวีปเอเชีย,120623.0,640.0
2024-04,2024,4,2,286,BH,บาห์เรน,1A,ทวีปเอเชีย,33766.0,170.0
2024-04,2024,4,2,277,BD,บังกลาเทศ,1A,ทวีปเอเชีย,28483.0,192.0
2024-04,2024,4,2,313,BE,เบลเยียม,1B,ทวีปยุโรป,16484.0,170.0
2024-04,2024,4,2,282,NP,เนปาล,1A,ทวีปเอเชีย,0.0,0.0
2024-04,2024,4,2,293,LB,เลบานอน,1A,ทวีปเอเชีย,0.0,0.0
2024-05,2024,5,2,302,CN,จีน,1A,ทวีปเอเชีย,41640212411.0,261259979.0
2024-05,2024,5,2,303,HK,ฮ่องกง,1A,ทวีปเอเชีย,591667306.0,3701408.0
2024-05,2024,5,2,306,KR,เกาหลีใต้,1A,ทวีปเอเชีย,133610953.0,858564.0
2024-05,2024,5,2,309,TW,ไต้หวัน,1A,ทวีปเอเชีย,65718333.0,498020.0
2024-05,2024,5,2,268,KH,กัมพูชา,1A,ทวีปเอเชีย,0.0,0.0
2024-05,2024,5,2,373,US,สหรัฐอเมริกา,1C,ทวีปอเมริกาเหนือ,62527891.0,234254.0
2024-05,2024,5,2,274,VN,เวียดนาม,1A,ทวีปเอเชีย,69775776.0,457344.0
2024-05,2024,5,2,271,MY,มาเลเซีย,1A,ทวีปเอเชีย,16769500.0,373100.0
2024-05,2024,5,2,304,JP,ญี่ปุ่น,1A,ทวีปเอเชีย,12233341.0,43479.0
2024-05,2024,5,2,483,AU,ออสเตรเลีย,1F,ทวีปออสเตรเลีย,10539199.0,15465.0
2024-05,2024,5,2,320,GB,สหราชอาณาจักร,1B,ทวีปยุโรป,8038674.0,17985.0
2024-05,2024,5,2,325,NL,เนเธอร์แลนด์,1B,ทวีปยุโรป,6089812.0,15560.0
2024-05,2024,5,2,319,FR,ฝรั่งเศส,1B,ทวีปยุโรป,8286180.0,24787.0
2024-05,2024,5,2,336,CZ,สาธารณรัฐเช็ก,1B,ทวีปยุโรป,4533995.0,15768.0
2024-05,2024,5,2,269,LA,สปป. ลาว,1A,ทวีปเอเชีย,5652667.0,34300.0
2024-05,2024,5,2,366,NO,นอร์เวย์,1B,ทวีปยุโรป,4099115.0,8101.0
2024-05,2024,5,2,316,DK,เดนมาร์ก,1B,ทวีปยุโรป,3121647.0,4391.0
2024-05,2024,5,2,323,IT,อิตาลี,1B,ทวีปยุโรป,3085615.0,7360.0
2024-05,2024,5,2,497,NZ,นิวซีแลนด์,1F,ทวีปออสเตรเลีย,3934287.0,7156.0
2024-05,2024,5,2,317,ES,สเปน,1B,ทวีปยุโรป,2599262.0,8603.0
2024-05,2024,5,2,285,AE,สหรัฐอาหรับเอมิเรตส์,1A,ทวีปเอเชีย,1945808.0,9848.0
2024-05,2024,5,2,371,CA,แคนาดา,1C,ทวีปอเมริกาเหนือ,931912.0,2418.0
2024-05,2024,5,2,356,CH,สวิตเซอร์แลนด์,1B,ทวีปยุโรป,2420197.0,5551.0
2024-05,2024,5,2,273,SG,สิงคโปร์,1A,ทวีปเอเชีย,2358000.0,49765.0
2024-05,2024,5,2,315,DE,เยอรมนี,1B,ทวีปยุโรป,1826094.0,3710.0
2024-05,2024,5,2,267,ID,อินโดนีเซีย,1A,ทวีปเอเชีย,2631458.0,17280.0
2024-05,2024,5,2,294,OM,โอมาน,1A,ทวีปเอเชีย,878434.0,1083.0
2024-05,2024,5,2,327,SE,สวีเดน,1B,ทวีปยุโรป,1198014.0,2490.0
2024-05,2024,5,2,322,IE,ไอร์แลนด์,1B,ทวีปยุโรป,460289.0,595.0
2024-05,2024,5,2,318,FI,ฟินแลนด์,1B,ทวีปยุโรป,852319.0,1092.0
2024-05,2024,5,2,270,MM,เมียนมา,1A,ทวีปเอเชีย,1150000.0,23000.0
2024-05,2024,5,2,295,QA,กาตาร์,1A,ทวีปเอเชีย,848684.0,1485.0
2024-05,2024,5,2,345,RU,รัสเซีย,1B,ทวีปยุโรป,93637.0,352.0
2024-05,2024,5,2,312,AT,ออสเตรีย,1B,ทวีปยุโรป,228905.0,411.0
2024-05,2024,5,2,296,SA,ซาอุดีอาระเบีย,1A,ทวีปเอเชีย,127853.0,489.0
2024-05,2024,5,2,266,BN,บรูไน,1A,ทวีปเอเชีย,303925.0,1248.0
2024-05,2024,5,2,281,MV,มัลดีฟส์,1A,ทวีปเอเชีย,197692.0,314.0
2024-05,2024,5,2,447,KE,เคนยา,1E,ทวีปแอฟริกา,169196.0,612.0
2024-05,2024,5,2,292,KW,คูเวต,1A,ทวีปเอเชีย,95064.0,307.0
2024-05,2024,5,2,286,BH,บาห์เรน,1A,ทวีปเอเชีย,13920.0,66.0
2024-05,2024,5,2,277,BD,บังกลาเทศ,1A,ทวีปเอเชีย,23439.0,160.0
2024-05,2024,5,2,476,TZ,แทนซาเนีย,1E,ทวีปแอฟริกา,29298.0,200.0
2024-05,2024,5,2,313,BE,เบลเยียม,1B,ทวีปยุโรป,6789.0,70.0
2024-05,2024,5,2,461,NG,ไนจีเรีย,1E,ทวีปแอฟริกา,26400.0,100.0
2024-05,2024,5,2,344,RO,โรมาเนีย,1B,ทวีปยุโรป,21582.0,30.0
2024-05,2024,5,2,282,NP,เนปาล,1A,ทวีปเอเชีย,2087.0,12.0
2024-05,2024,5,2,293,LB,เลบานอน,1A,ทวีปเอเชีย,2358.0,23.0
2024-05,2024,5,2,279,IN,อินเดีย,1A,ทวีปเอเชีย,3570.0,90.0
2024-06,2024,6,2,302,CN,จีน,1A,ทวีปเอเชีย,17316872455.0,115482370.0
2024-06,2024,6,2,303,HK,ฮ่องกง,1A,ทวีปเอเชีย,306488908.0,1949335.0
2024-06,2024,6,2,306,KR,เกาหลีใต้,1A,ทวีปเอเชีย,54188242.0,366261.0
2024-06,2024,6,2,309,TW,ไต้หวัน,1A,ทวีปเอเชีย,20742061.0,128601.0
2024-06,2024,6,2,373,US,สหรัฐอเมริกา,1C,ทวีปอเมริกาเหนือ,42855299.0,88451.0
2024-06,2024,6,2,268,KH,กัมพูชา,1A,ทวีปเอเชีย,0.0,0.0
2024-06,2024,6,2,274,VN,เวียดนาม,1A,ทวีปเอเชีย,2580480.0,15360.0
2024-06,2024,6,2,271,MY,มาเลเซีย,1A,ทวีปเอเชีย,9922500.0,220500.0
2024-06,2024,6,2,304,JP,ญี่ปุ่น,1A,ทวีปเอเชีย,14026094.0,41016.0
2024-06,2024,6,2,483,AU,ออสเตรเลีย,1F,ทวีปออสเตรเลีย,12349069.0,18613.0
2024-06,2024,6,2,320,GB,สหราชอาณาจักร,1B,ทวีปยุโรป,8994788.0,21679.0
2024-06,2024,6,2,319,FR,ฝรั่งเศส,1B,ทวีปยุโรป,8528209.0,26060.0
2024-06,2024,6,2,325,NL,เนเธอร์แลนด์,1B,ทวีปยุโรป,3883479.0,8752.0
2024-06,2024,6,2,336,CZ,สาธารณรัฐเช็ก,1B,ทวีปยุโรป,4611588.0,15291.0
2024-06,2024,6,2,366,NO,นอร์เวย์,1B,ทวีปยุโรป,4529962.0,8647.0
2024-06,2024,6,2,323,IT,อิตาลี,1B,ทวีปยุโรป,4272590.0,12001.0
2024-06,2024,6,2,316,DK,เดนมาร์ก,1B,ทวีปยุโรป,3004376.0,4281.0
2024-06,2024,6,2,269,LA,สปป. ลาว,1A,ทวีปเอเชีย,0.0,0.0
2024-06,2024,6,2,317,ES,สเปน,1B,ทวีปยุโรป,3848377.0,12062.0
2024-06,2024,6,2,497,NZ,นิวซีแลนด์,1F,ทวีปออสเตรเลีย,3650036.0,5133.0
2024-06,2024,6,2,285,AE,สหรัฐอาหรับเอมิเรตส์,1A,ทวีปเอเชีย,1774334.0,8592.0
2024-06,2024,6,2,356,CH,สวิตเซอร์แลนด์,1B,ทวีปยุโรป,2108342.0,3849.0
2024-06,2024,6,2,315,DE,เยอรมนี,1B,ทวีปยุโรป,2018011.0,3767.0
2024-06,2024,6,2,371,CA,แคนาดา,1C,ทวีปอเมริกาเหนือ,991268.0,2419.0
2024-06,2024,6,2,267,ID,อินโดนีเซีย,1A,ทวีปเอเชีย,1698935.0,17280.0
2024-06,2024,6,2,327,SE,สวีเดน,1B,ทวีปยุโรป,1982045.0,3469.0
2024-06,2024,6,2,273,SG,สิงคโปร์,1A,ทวีปเอเชีย,0.0,0.0
2024-06,2024,6,2,294,OM,โอมาน,1A,ทวีปเอเชีย,511745.0,587.0
2024-06,2024,6,2,322,IE,ไอร์แลนด์,1B,ทวีปยุโรป,612919.0,904.0
2024-06,2024,6,2,318,FI,ฟินแลนด์,1B,ทวีปยุโรป,394057.0,498.0
2024-06,2024,6,2,295,QA,กาตาร์,1A,ทวีปเอเชีย,452932.0,623.0
2024-06,2024,6,2,270,MM,เมียนมา,1A,ทวีปเอเชีย,350000.0,7000.0
2024-06,2024,6,2,312,AT,ออสเตรีย,1B,ทวีปยุโรป,440384.0,935.0
2024-06,2024,6,2,266,BN,บรูไน,1A,ทวีปเอเชีย,363857.0,1209.0
2024-06,2024,6,2,345,RU,รัสเซีย,1B,ทวีปยุโรป,114424.0,426.0
2024-06,2024,6,2,281,MV,มัลดีฟส์,1A,ทวีปเอเชีย,145969.0,223.0
2024-06,2024,6,2,296,SA,ซาอุดีอาระเบีย,1A,ทวีปเอเชีย,95961.0,441.0
2024-06,2024,6,2,447,KE,เคนยา,1E,ทวีปแอฟริกา,106139.0,268.0
2024-06,2024,6,2,292,KW,คูเวต,1A,ทวีปเอเชีย,91872.0,259.0
2024-06,2024,6,2,286,BH,บาห์เรน,1A,ทวีปเอเชีย,15677.0,74.0
2024-06,2024,6,2,277,BD,บังกลาเทศ,1A,ทวีปเอเชีย,36963.0,139.0
2024-06,2024,6,2,344,RO,โรมาเนีย,1B,ทวีปยุโรป,9129.0,11.0
2024-06,2024,6,2,476,TZ,แทนซาเนีย,1E,ทวีปแอฟริกา,0.0,0.0
2024-06,2024,6,2,313,BE,เบลเยียม,1B,ทวีปยุโรป,0.0,0.0
2024-06,2024,6,2,461,NG,ไนจีเรีย,1E,ทวีปแอฟริกา,0.0,0.0
2024-06,2024,6,2,282,NP,เนปาล,1A,ทวีปเอเชีย,2052.0,12.0
2024-06,2024,6,2,293,LB,เลบานอน,1A,ทวีปเอเชีย,0.0,0.0
2024-06,2024,6,2,279,IN,อินเดีย,1A,ทวีปเอเชีย,0.0,0.0
2024-07,2024,7,3,302,CN,จีน,1A,ทวีปเอเชีย,10205551576.0,68899370.0
2024-07,2024,7,3,303,HK,ฮ่องกง,1A,ทวีปเอเชีย,110461967.0,702669.0
2024-07,2024,7,3,306,KR,เกาหลีใต้,1A,ทวีปเอเชีย,23053351.0,189842.0
2024-07,2024,7,3,309,TW,ไต้หวัน,1A,ทวีปเอเชีย,19275405.0,119532.0
2024-07,2024,7,3,373,US,สหรัฐอเมริกา,1C,ทวีปอเมริกาเหนือ,36608334.0,85044.0
2024-07,2024,7,3,271,MY,มาเลเซีย,1A,ทวีปเอเชีย,92432500.0,2492500.0
2024-07,2024,7,3,268,KH,กัมพูชา,1A,ทวีปเอเชีย,0.0,0.0
2024-07,2024,7,3,274,VN,เวียดนาม,1A,ทวีปเอเชีย,0.0,0.0
2024-07,2024,7,3,304,JP,ญี่ปุ่น,1A,ทวีปเอเชีย,7824914.0,14544.0
2024-07,2024,7,3,483,AU,ออสเตรเลีย,1F,ทวีปออสเตรเลีย,13157209.0,18554.0
2024-07,2024,7,3,320,GB,สหราชอาณาจักร,1B,ทวีปยุโรป,5365735.0,11853.0
2024-07,2024,7,3,319,FR,ฝรั่งเศส,1B,ทวีปยุโรป,6846712.0,23754.0
2024-07,2024,7,3,336,CZ,สาธารณรัฐเช็ก,1B,ทวีปยุโรป,4209021.0,13277.0
2024-07,2024,7,3,325,NL,เนเธอร์แลนด์,1B,ทวีปยุโรป,3017594.0,5857.0
2024-07,2024,7,3,267,ID,อินโดนีเซีย,1A,ทวีปเอเชีย,12638007.0,103680.0
2024-07,2024,7,3,366,NO,นอร์เวย์,1B,ทวีปยุโรป,2979644.0,5768.0
2024-07,2024,7,3,323,IT,อิตาลี,1B,ทวีปยุโรป,2172842.0,5434.0
2024-07,2024,7,3,497,NZ,นิวซีแลนด์,1F,ทวีปออสเตรเลีย,3433401.0,5532.0
2024-07,2024,7,3,316,DK,เดนมาร์ก,1B,ทวีปยุโรป,1752539.0,2742.0
2024-07,2024,7,3,317,ES,สเปน,1B,ทวีปยุโรป,1249034.0,4511.0
2024-07,2024,7,3,269,LA,สปป. ลาว,1A,ทวีปเอเชีย,0.0,0.0
2024-07,2024,7,3,356,CH,สวิตเซอร์แลนด์,1B,ทวีปยุโรป,1359248.0,2459.0
2024-07,2024,7,3,285,AE,สหรัฐอาหรับเอมิเรตส์,1A,ทวีปเอเชีย,633955.0,3429.0
2024-07,2024,7,3,315,DE,เยอรมนี,1B,ทวีปยุโรป,1245480.0,2514.0
2024-07,2024,7,3,371,CA,แคนาดา,1C,ทวีปอเมริกาเหนือ,884863.0,1922.0
2024-07,2024,7,3,327,SE,สวีเดน,1B,ทวีปยุโรป,836291.0,1962.0
2024-07,2024,7,3,273,SG,สิงคโปร์,1A,ทวีปเอเชีย,0.0,0.0
2024-07,2024,7,3,294,OM,โอมาน,1A,ทวีปเอเชีย,427845.0,596.0
2024-07,2024,7,3,322,IE,ไอร์แลนด์,1B,ทวีปยุโรป,577687.0,800.0
2024-07,2024,7,3,270,MM,เมียนมา,1A,ทวีปเอเชีย,550000.0,11000.0
2024-07,2024,7,3,318,FI,ฟินแลนด์,1B,ทวีปยุโรป,368592.0,456.0
2024-07,2024,7,3,295,QA,กาตาร์,1A,ทวีปเอเชีย,407174.0,528.0
2024-07,2024,7,3,266,BN,บรูไน,1A,ทวีปเอเชีย,309241.0,1189.0
2024-07,2024,7,3,312,AT,ออสเตรีย,1B,ทวีปยุโรป,102797.0,228.0
2024-07,2024,7,3,345,RU,รัสเซีย,1B,ทวีปยุโรป,207363.0,723.0
2024-07,2024,7,3,281,MV,มัลดีฟส์,1A,ทวีปเอเชีย,121581.0,193.0
2024-07,2024,7,3,296,SA,ซาอุดีอาระเบีย,1A,ทวีปเอเชีย,106075.0,406.0
2024-07,2024,7,3,447,KE,เคนยา,1E,ทวีปแอฟริกา,104595.0,256.0
2024-07,2024,7,3,292,KW,คูเวต,1A,ทวีปเอเชีย,105306.0,288.0
2024-07,2024,7,3,286,BH,บาห์เรน,1A,ทวีปเอเชีย,83282.0,115.0
2024-07,2024,7,3,277,BD,บังกลาเทศ,1A,ทวีปเอเชีย,58131.0,235.0
2024-07,2024,7,3,344,RO,โรมาเนีย,1B,ทวีปยุโรป,0.0,0.0
2024-07,2024,7,3,441,GH,กานา,1E,ทวีปแอฟริกา,30250.0,85.0
2024-07,2024,7,3,476,TZ,แทนซาเนีย,1E,ทวีปแอฟริกา,0.0,0.0
2024-07,2024,7,3,313,BE,เบลเยียม,1B,ทวีปยุโรป,0.0,0.0
2024-07,2024,7,3,461,NG,ไนจีเรีย,1E,ทวีปแอฟริกา,0.0,0.0
2024-07,2024,7,3,282,NP,เนปาล,1A,ทวีปเอเชีย,2079.0,12.0
2024-07,2024,7,3,293,LB,เลบานอน,1A,ทวีปเอเชีย,7482.0,56.0
2024-07,2024,7,3,279,IN,อินเดีย,1A,ทวีปเอเชีย,6621.0,150.0
2024-08,2024,8,3,302,CN,จีน,1A,ทวีปเอเชีย,8326329076.0,61143114.0
2024-08,2024,8,3,303,HK,ฮ่องกง,1A,ทวีปเอเชีย,60364798.0,392998.0
2024-08,2024,8,3,306,KR,เกาหลีใต้,1A,ทวีปเอเชีย,19867934.0,154419.0
2024-08,2024,8,3,271,MY,มาเลเซีย,1A,ทวีปเอเชีย,146107500.0,4013300.0
2024-08,2024,8,3,309,TW,ไต้หวัน,1A,ทวีปเอเชีย,717174.0,9039.0
2024-08,2024,8,3,373,US,สหรัฐอเมริกา,1C,ทวีปอเมริกาเหนือ,26203020.0,66801.0
2024-08,2024,8,3,268,KH,กัมพูชา,1A,ทวีปเอเชีย,0.0,0.0
2024-08,2024,8,3,274,VN,เวียดนาม,1A,ทวีปเอเชีย,2596022.0,16320.0
2024-08,2024,8,3,483,AU,ออสเตรเลีย,1F,ทวีปออสเตรเลีย,7123128.0,9780.0
2024-08,2024,8,3,304,JP,ญี่ปุ่น,1A,ทวีปเอเชีย,3684754.0,10962.0
2024-08,2024,8,3,320,GB,สหราชอาณาจักร,1B,ทวีปยุโรป,10099018.0,27153.0
2024-08,2024,8,3,319,FR,ฝรั่งเศส,1B,ทวีปยุโรป,3630448.0,11989.0
2024-08,2024,8,3,267,ID,อินโดนีเซีย,1A,ทวีปเอเชีย,10254402.0,69120.0
2024-08,2024,8,3,336,CZ,สาธารณรัฐเช็ก,1B,ทวีปยุโรป,3497769.0,10480.0
2024-08,2024,8,3,325,NL,เนเธอร์แลนด์,1B,ทวีปยุโรป,2562645.0,6253.0
2024-08,2024,8,3,366,NO,นอร์เวย์,1B,ทวีปยุโรป,2122968.0,3796.0
2024-08,2024,8,3,497,NZ,นิวซีแลนด์,1F,ทวีปออสเตรเลีย,1846174.0,2689.0
2024-08,2024,8,3,323,IT,อิตาลี,1B,ทวีปยุโรป,815947.0,1812.0
2024-08,2024,8,3,316,DK,เดนมาร์ก,1B,ทวีปยุโรป,1884795.0,2676.0
2024-08,2024,8,3,317,ES,สเปน,1B,ทวีปยุโรป,1144714.0,4224.0
2024-08,2024,8,3,269,LA,สปป. ลาว,1A,ทวีปเอเชีย,0.0,0.0
2024-08,2024,8,3,356,CH,สวิตเซอร์แลนด์,1B,ทวีปยุโรป,1389048.0,2477.0
2024-08,2024,8,3,315,DE,เยอรมนี,1B,ทวีปยุโรป,1935821.0,2857.0
2024-08,2024,8,3,285,AE,สหรัฐอาหรับเอมิเรตส์,1A,ทวีปเอเชีย,621703.0,2846.0
2024-08,2024,8,3,371,CA,แคนาดา,1C,ทวีปอเมริกาเหนือ,577918.0,901.0
2024-08,2024,8,3,327,SE,สวีเดน,1B,ทวีปยุโรป,469511.0,951.0
2024-08,2024,8,3,273,SG,สิงคโปร์,1A,ทวีปเอเชีย,0.0,0.0
2024-08,2024,8,3,322,IE,ไอร์แลนด์,1B,ทวีปยุโรป,492560.0,702.0
2024-08,2024,8,3,294,OM,โอมาน,1A,ทวีปเอเชีย,362963.0,574.0
2024-08,2024,8,3,270,MM,เมียนมา,1A,ทวีปเอเชีย,500000.0,10000.0
2024-08,2024,8,3,318,FI,ฟินแลนด์,1B,ทวีปยุโรป,349550.0,444.0
2024-08,2024,8,3,295,QA,กาตาร์,1A,ทวีปเอเชีย,170784.0,351.0
2024-08,2024,8,3,266,BN,บรูไน,1A,ทวีปเอเชีย,900337.0,4129.0
2024-08,2024,8,3,312,AT,ออสเตรีย,1B,ทวีปยุโรป,142486.0,202.0
2024-08,2024,8,3,345,RU,รัสเซีย,1B,ทวีปยุโรป,206048.0,744.0
2024-08,2024,8,3,281,MV,มัลดีฟส์,1A,ทวีปเอเชีย,86623.0,142.0
2024-08,2024,8,3,296,SA,ซาอุดีอาระเบีย,1A,ทวีปเอเชีย,103733.0,502.0
2024-08,2024,8,3,292,KW,คูเวต,1A,ทวีปเอเชีย,106064.0,362.0
2024-08,2024,8,3,447,KE,เคนยา,1E,ทวีปแอฟริกา,0.0,0.0
2024-08,2024,8,3,286,BH,บาห์เรน,1A,ทวีปเอเชีย,67192.0,140.0
2024-08,2024,8,3,277,BD,บังกลาเทศ,1A,ทวีปเอเชีย,40668.0,276.0
2024-08,2024,8,3,489,GU,กวม,1F,ทวีปออสเตรเลีย,170036.0,270.0
2024-08,2024,8,3,313,BE,เบลเยียม,1B,ทวีปยุโรป,4859.0,50.0
2024-08,2024,8,3,344,RO,โรมาเนีย,1B,ทวีปยุโรป,0.0,0.0
2024-08,2024,8,3,441,GH,กานา,1E,ทวีปแอฟริกา,0.0,0.0
2024-08,2024,8,3,476,TZ,แทนซาเนีย,1E,ทวีปแอฟริกา,0.0,0.0
2024-08,2024,8,3,461,NG,ไนจีเรีย,1E,ทวีปแอฟริกา,0.0,0.0
2024-08,2024,8,3,282,NP,เนปาล,1A,ทวีปเอเชีย,2045.0,12.0
2024-08,2024,8,3,279,IN,อินเดีย,1A,ทวีปเอเชีย,9043.0,180.0
2024-08,2024,8,3,293,LB,เลบานอน,1A,ทวีปเอเชีย,0.0,0.0
2024-08,2024,8,3,437,EG,อียิปต์,1E,ทวีปแอฟริกา,9420.0,50.0
2024-09,2024,9,3,302,CN,จีน,1A,ทวีปเอเชีย,7796553723.0,60923174.0
2024-09,2024,9,3,303,HK,ฮ่องกง,1A,ทวีปเอเชีย,5918334.0,41043.0
2024-09,2024,9,3,306,KR,เกาหลีใต้,1A,ทวีปเอเชีย,15479565.0,135015.0
2024-09,2024,9,3,271,MY,มาเลเซีย,1A,ทวีปเอเชีย,29537500.0,765500.0
2024-09,2024,9,3,373,US,สหรัฐอเมริกา,1C,ทวีปอเมริกาเหนือ,20401378.0,49255.0
2024-09,2024,9,3,309,TW,ไต้หวัน,1A,ทวีปเอเชีย,4672073.0,32517.0
2024-09,2024,9,3,268,KH,กัมพูชา,1A,ทวีปเอเชีย,0.0,0.0
2024-09,2024,9,3,274,VN,เวียดนาม,1A,ทวีปเอเชีย,0.0,0.0
2024-09,2024,9,3,483,AU,ออสเตรเลีย,1F,ทวีปออสเตรเลีย,2757551.0,4550.0
2024-09,2024,9,3,304,JP,ญี่ปุ่น,1A,ทวีปเอเชีย,2138760.0,5002.0
2024-09,2024,9,3,320,GB,สหราชอาณาจักร,1B,ทวีปยุโรป,10141072.0,30818.0
2024-09,2024,9,3,319,FR,ฝรั่งเศส,1B,ทวีปยุโรป,1420637.0,5371.0
2024-09,2024,9,3,267,ID,อินโดนีเซีย,1A,ทวีปเอเชีย,0.0,0.0
2024-09,2024,9,3,336,CZ,สาธารณรัฐเช็ก,1B,ทวีปยุโรป,2623733.0,6163.0
2024-09,2024,9,3,325,NL,เนเธอร์แลนด์,1B,ทวีปยุโรป,1391068.0,3056.0
2024-09,2024,9,3,366,NO,นอร์เวย์,1B,ทวีปยุโรป,1128208.0,1821.0
2024-09,2024,9,3,497,NZ,นิวซีแลนด์,1F,ทวีปออสเตรเลีย,1950519.0,3540.0
2024-09,2024,9,3,323,IT,อิตาลี,1B,ทวีปยุโรป,1426319.0,5081.0
2024-09,2024,9,3,316,DK,เดนมาร์ก,1B,ทวีปยุโรป,1184725.0,1845.0
2024-09,2024,9,3,317,ES,สเปน,1B,ทวีปยุโรป,416872.0,2490.0
2024-09,2024,9,3,315,DE,เยอรมนี,1B,ทวีปยุโรป,1039804.0,1763.0
2024-09,2024,9,3,356,CH,สวิตเซอร์แลนด์,1B,ทวีปยุโรป,829208.0,1699.0
2024-09,2024,9,3,269,LA,สปป. ลาว,1A,ทวีปเอเชีย,0.0,0.0
2024-09,2024,9,3,285,AE,สหรัฐอาหรับเอมิเรตส์,1A,ทวีปเอเชีย,982906.0,4666.0
2024-09,2024,9,3,371,CA,แคนาดา,1C,ทวีปอเมริกาเหนือ,82632.0,182.0
2024-09,2024,9,3,327,SE,สวีเดน,1B,ทวีปยุโรป,255088.0,581.0
2024-09,2024,9,3,270,MM,เมียนมา,1A,ทวีปเอเชีย,1000000.0,20000.0
2024-09,2024,9,3,322,IE,ไอร์แลนด์,1B,ทวีปยุโรป,259715.0,441.0
2024-09,2024,9,3,294,OM,โอมาน,1A,ทวีปเอเชีย,145240.0,233.0
2024-09,2024,9,3,273,SG,สิงคโปร์,1A,ทวีปเอเชีย,120.0,15.0
2024-09,2024,9,3,318,FI,ฟินแลนด์,1B,ทวีปยุโรป,271334.0,360.0
2024-09,2024,9,3,266,BN,บรูไน,1A,ทวีปเอเชีย,526895.0,2539.0
2024-09,2024,9,3,295,QA,กาตาร์,1A,ทวีปเอเชีย,107077.0,331.0
2024-09,2024,9,3,312,AT,ออสเตรีย,1B,ทวีปยุโรป,116315.0,228.0
2024-09,2024,9,3,345,RU,รัสเซีย,1B,ทวีปยุโรป,124449.0,468.0
2024-09,2024,9,3,296,SA,ซาอุดีอาระเบีย,1A,ทวีปเอเชีย,104932.0,433.0
2024-09,2024,9,3,281,MV,มัลดีฟส์,1A,ทวีปเอเชีย,35459.0,48.0
2024-09,2024,9,3,292,KW,คูเวต,1A,ทวีปเอเชีย,74484.0,221.0
2024-09,2024,9,3,447,KE,เคนยา,1E,ทวีปแอฟริกา,125416.0,306.0
2024-09,2024,9,3,286,BH,บาห์เรน,1A,ทวีปเอเชีย,15097.0,88.0
2024-09,2024,9,3,277,BD,บังกลาเทศ,1A,ทวีปเอเชีย,67238.0,448.0
2024-09,2024,9,3,489,GU,กวม,1F,ทวีปออสเตรเลีย,0.0,0.0
2024-09,2024,9,3,461,NG,ไนจีเรีย,1E,ทวีปแอฟริกา,116080.0,332.0
2024-09,2024,9,3,458,MZ,โมซัมบิก,1E,ทวีปแอฟริกา,55164.0,458.0
2024-09,2024,9,3,279,IN,อินเดีย,1A,ทวีปเอเชีย,21885.0,57.0
2024-09,2024,9,3,313,BE,เบลเยียม,1B,ทวีปยุโรป,4711.0,50.0
2024-09,2024,9,3,344,RO,โรมาเนีย,1B,ทวีปยุโรป,0.0,0.0
2024-09,2024,9,3,441,GH,กานา,1E,ทวีปแอฟริกา,0.0,0.0
2024-09,2024,9,3,476,TZ,แทนซาเนีย,1E,ทวีปแอฟริกา,0.0,0.0
2024-09,2024,9,3,282,NP,เนปาล,1A,ทวีปเอเชีย,1950.0,12.0
2024-09,2024,9,3,469,SN,เซเนกัล,1E,ทวีปแอฟริกา,20500.0,410.0
2024-09,2024,9,3,339,HU,ฮังการี,1B,ทวีปยุโรป,14635.0,38.0
2024-09,2024,9,3,293,LB,เลบานอน,1A,ทวีปเอเชีย,0.0,0.0
2024-09,2024,9,3,437,EG,อียิปต์,1E,ทวีปแอฟริกา,0.0,0.0
2024-09,2024,9,3,337,GE,จอร์เจีย,1A,ทวีปเอเชีย,9280.0,12.0
2024-10,2024,10,4,302,CN,จีน,1A,ทวีปเอเชีย,2304093663.0,17196102.0
2024-10,2024,10,4,303,HK,ฮ่องกง,1A,ทวีปเอเชีย,2333196.0,11689.0
2024-10,2024,10,4,306,KR,เกาหลีใต้,1A,ทวีปเอเชีย,12294789.0,103389.0
2024-10,2024,10,4,271,MY,มาเลเซีย,1A,ทวีปเอเชีย,2342500.0,52500.0
2024-10,2024,10,4,373,US,สหรัฐอเมริกา,1C,ทวีปอเมริกาเหนือ,12446579.0,43627.0
2024-10,2024,10,4,309,TW,ไต้หวัน,1A,ทวีปเอเชีย,152083.0,677.0
2024-10,2024,10,4,268,KH,กัมพูชา,1A,ทวีปเอเชีย,0.0,0.0
2024-10,2024,10,4,274,VN,เวียดนาม,1A,ทวีปเอเชีย,0.0,0.0
2024-10,2024,10,4,320,GB,สหราชอาณาจักร,1B,ทวีปยุโรป,6095746.0,17916.0
2024-10,2024,10,4,483,AU,ออสเตรเลีย,1F,ทวีปออสเตรเลีย,1581719.0,2150.0
2024-10,2024,10,4,304,JP,ญี่ปุ่น,1A,ทวีปเอเชีย,1380137.0,2949.0
2024-10,2024,10,4,319,FR,ฝรั่งเศส,1B,ทวีปยุโรป,205937.0,882.0
2024-10,2024,10,4,267,ID,อินโดนีเซีย,1A,ทวีปเอเชีย,0.0,0.0
2024-10,2024,10,4,336,CZ,สาธารณรัฐเช็ก,1B,ทวีปยุโรป,1452746.0,3236.0
2024-10,2024,10,4,325,NL,เนเธอร์แลนด์,1B,ทวีปยุโรป,1273872.0,2863.0
2024-10,2024,10,4,366,NO,นอร์เวย์,1B,ทวีปยุโรป,716151.0,1200.0
2024-10,2024,10,4,497,NZ,นิวซีแลนด์,1F,ทวีปออสเตรเลีย,621748.0,1332.0
2024-10,2024,10,4,323,IT,อิตาลี,1B,ทวีปยุโรป,768744.0,3044.0
2024-10,2024,10,4,316,DK,เดนมาร์ก,1B,ทวีปยุโรป,633276.0,935.0
2024-10,2024,10,4,317,ES,สเปน,1B,ทวีปยุโรป,11.0,7.0
2024-10,2024,10,4,315,DE,เยอรมนี,1B,ทวีปยุโรป,723012.0,1127.0
2024-10,2024,10,4,356,CH,สวิตเซอร์แลนด์,1B,ทวีปยุโรป,406516.0,649.0
2024-10,2024,10,4,285,AE,สหรัฐอาหรับเอมิเรตส์,1A,ทวีปเอเชีย,716279.0,3093.0
2024-10,2024,10,4,269,LA,สปป. ลาว,1A,ทวีปเอเชีย,0.0,0.0
2024-10,2024,10,4,371,CA,แคนาดา,1C,ทวีปอเมริกาเหนือ,136114.0,554.0
2024-10,2024,10,4,327,SE,สวีเดน,1B,ทวีปยุโรป,116922.0,260.0
2024-10,2024,10,4,270,MM,เมียนมา,1A,ทวีปเอเชีย,1200000.0,24000.0
2024-10,2024,10,4,322,IE,ไอร์แลนด์,1B,ทวีปยุโรป,237024.0,417.0
2024-10,2024,10,4,294,OM,โอมาน,1A,ทวีปเอเชีย,185183.0,286.0
2024-10,2024,10,4,273,SG,สิงคโปร์,1A,ทวีปเอเชีย,0.0,0.0
2024-10,2024,10,4,266,BN,บรูไน,1A,ทวีปเอเชีย,248909.0,1570.0
2024-10,2024,10,4,318,FI,ฟินแลนด์,1B,ทวีปยุโรป,0.0,0.0
2024-10,2024,10,4,295,QA,กาตาร์,1A,ทวีปเอเชีย,123204.0,409.0
2024-10,2024,10,4,345,RU,รัสเซีย,1B,ทวีปยุโรป,195398.0,713.0
2024-10,2024,10,4,312,AT,ออสเตรีย,1B,ทวีปยุโรป,13039.0,27.0
2024-10,2024,10,4,296,SA,ซาอุดีอาระเบีย,1A,ทวีปเอเชีย,102588.0,380.0
2024-10,2024,10,4,281,MV,มัลดีฟส์,1A,ทวีปเอเชีย,26329.0,48.0
2024-10,2024,10,4,292,KW,คูเวต,1A,ทวีปเอเชีย,103064.0,299.0
2024-10,2024,10,4,447,KE,เคนยา,1E,ทวีปแอฟริกา,0.0,0.0
2024-10,2024,10,4,277,BD,บังกลาเทศ,1A,ทวีปเอเชีย,90095.0,637.0
2024-10,2024,10,4,286,BH,บาห์เรน,1A,ทวีปเอเชีย,15954.0,80.0
2024-10,2024,10,4,489,GU,กวม,1F,ทวีปออสเตรเลีย,0.0,0.0
2024-10,2024,10,4,461,NG,ไนจีเรีย,1E,ทวีปแอฟริกา,0.0,0.0
2024-10,2024,10,4,441,GH,กานา,1E,ทวีปแอฟริกา,42640.0,125.0
2024-10,2024,10,4,458,MZ,โมซัมบิก,1E,ทวีปแอฟริกา,0.0,0.0
2024-10,2024,10,4,313,BE,เบลเยียม,1B,ทวีปยุโรป,5932.0,65.0
2024-10,2024,10,4,279,IN,อินเดีย,1A,ทวีปเอเชีย,0.0,0.0
2024-10,2024,10,4,344,RO,โรมาเนีย,1B,ทวีปยุโรป,0.0,0.0
2024-10,2024,10,4,476,TZ,แทนซาเนีย,1E,ทวีปแอฟริกา,0.0,0.0
2024-10,2024,10,4,469,SN,เซเนกัล,1E,ทวีปแอฟริกา,8250.0,165.0
2024-10,2024,10,4,282,NP,เนปาล,1A,ทวีปเอเชีย,3755.0,24.0
2024-10,2024,10,4,339,HU,ฮังการี,1B,ทวีปยุโรป,914.0,2.0
2024-10,2024,10,4,293,LB,เลบานอน,1A,ทวีปเอเชีย,0.0,0.0
2024-10,2024,10,4,437,EG,อียิปต์,1E,ทวีปแอฟริกา,0.0,0.0
2024-10,2024,10,4,337,GE,จอร์เจีย,1A,ทวีปเอเชีย,0.0,0.0
2024-10,2024,10,4,341,KZ,คาซัคสถาน,1A,ทวีปเอเชีย,5435.0,25.0
2024-11,2024,11,4,302,CN,จีน,1A,ทวีปเอเชีย,2154777139.0,12089339.0
2024-11,2024,11,4,303,HK,ฮ่องกง,1A,ทวีปเอเชีย,8968.0,58.0
2024-11,2024,11,4,306,KR,เกาหลีใต้,1A,ทวีปเอเชีย,7110284.0,47944.0
2024-11,2024,11,4,271,MY,มาเลเซีย,1A,ทวีปเอเชีย,743550.0,15690.0
2024-11,2024,11,4,373,US,สหรัฐอเมริกา,1C,ทวีปอเมริกาเหนือ,7910552.0,21699.0
2024-11,2024,11,4,309,TW,ไต้หวัน,1A,ทวีปเอเชีย,147177.0,711.0
2024-11,2024,11,4,268,KH,กัมพูชา,1A,ทวีปเอเชีย,0.0,0.0
2024-11,2024,11,4,274,VN,เวียดนาม,1A,ทวีปเอเชีย,0.0,0.0
2024-11,2024,11,4,320,GB,สหราชอาณาจักร,1B,ทวีปยุโรป,1153077.0,2180.0
2024-11,2024,11,4,483,AU,ออสเตรเลีย,1F,ทวีปออสเตรเลีย,182863.0,360.0
2024-11,2024,11,4,304,JP,ญี่ปุ่น,1A,ทวีปเอเชีย,635195.0,828.0
2024-11,2024,11,4,319,FR,ฝรั่งเศส,1B,ทวีปยุโรป,561974.0,2126.0
2024-11,2024,11,4,336,CZ,สาธารณรัฐเช็ก,1B,ทวีปยุโรป,1765124.0,3823.0
2024-11,2024,11,4,267,ID,อินโดนีเซีย,1A,ทวีปเอเชีย,0.0,0.0
2024-11,2024,11,4,325,NL,เนเธอร์แลนด์,1B,ทวีปยุโรป,3184395.0,6531.0
2024-11,2024,11,4,366,NO,นอร์เวย์,1B,ทวีปยุโรป,417894.0,737.0
2024-11,2024,11,4,497,NZ,นิวซีแลนด์,1F,ทวีปออสเตรเลีย,452311.0,384.0
2024-11,2024,11,4,323,IT,อิตาลี,1B,ทวีปยุโรป,516097.0,1926.0
2024-11,2024,11,4,316,DK,เดนมาร์ก,1B,ทวีปยุโรป,158759.0,210.0
2024-11,2024,11,4,317,ES,สเปน,1B,ทวีปยุโรป,219440.0,949.0
2024-11,2024,11,4,315,DE,เยอรมนี,1B,ทวีปยุโรป,515002.0,801.0
2024-11,2024,11,4,356,CH,สวิตเซอร์แลนด์,1B,ทวีปยุโรป,273767.0,362.0
2024-11,2024,11,4,285,AE,สหรัฐอาหรับเอมิเรตส์,1A,ทวีปเอเชีย,501791.0,2119.0
2024-11,2024,11,4,269,LA,สปป. ลาว,1A,ทวีปเอเชีย,0.0,0.0
2024-11,2024,11,4,270,MM,เมียนมา,1A,ทวีปเอเชีย,1425000.0,28500.0
2024-11,2024,11,4,371,CA,แคนาดา,1C,ทวีปอเมริกาเหนือ,36193.0,73.0
2024-11,2024,11,4,327,SE,สวีเดน,1B,ทวีปยุโรป,142330.0,287.0
2024-11,2024,11,4,322,IE,ไอร์แลนด์,1B,ทวีปยุโรป,108181.0,186.0
2024-11,2024,11,4,294,OM,โอมาน,1A,ทวีปเอเชีย,187286.0,249.0
2024-11,2024,11,4,273,SG,สิงคโปร์,1A,ทวีปเอเชีย,0.0,0.0
2024-11,2024,11,4,266,BN,บรูไน,1A,ทวีปเอเชีย,56037.0,317.0
2024-11,2024,11,4,318,FI,ฟินแลนด์,1B,ทวีปยุโรป,0.0,0.0
2024-11,2024,11,4,295,QA,กาตาร์,1A,ทวีปเอเชีย,67028.0,225.0
2024-11,2024,11,4,345,RU,รัสเซีย,1B,ทวีปยุโรป,118678.0,455.0
2024-11,2024,11,4,312,AT,ออสเตรีย,1B,ทวีปยุโรป,3425.0,5.0
2024-11,2024,11,4,296,SA,ซาอุดีอาระเบีย,1A,ทวีปเอเชีย,134079.0,602.0
2024-11,2024,11,4,292,KW,คูเวต,1A,ทวีปเอเชีย,106791.0,324.0
2024-11,2024,11,4,281,MV,มัลดีฟส์,1A,ทวีปเอเชีย,29838.0,58.0
2024-11,2024,11,4,447,KE,เคนยา,1E,ทวีปแอฟริกา,0.0,0.0
2024-11,2024,11,4,277,BD,บังกลาเทศ,1A,ทวีปเอเชีย,85011.0,641.0
2024-11,2024,11,4,286,BH,บาห์เรน,1A,ทวีปเอเชีย,22737.0,77.0
2024-11,2024,11,4,461,NG,ไนจีเรีย,1E,ทวีปแอฟริกา,45000.0,50.0
2024-11,2024,11,4,489,GU,กวม,1F,ทวีปออสเตรเลีย,0.0,0.0
2024-11,2024,11,4,441,GH,กานา,1E,ทวีปแอฟริกา,0.0,0.0
2024-11,2024,11,4,458,MZ,โมซัมบิก,1E,ทวีปแอฟริกา,0.0,0.0
2024-11,2024,11,4,313,BE,เบลเยียม,1B,ทวีปยุโรป,0.0,0.0
2024-11,2024,11,4,279,IN,อินเดีย,1A,ทวีปเอเชีย,0.0,0.0
2024-11,2024,11,4,344,RO,โรมาเนีย,1B,ทวีปยุโรป,0.0,0.0
2024-11,2024,11,4,476,TZ,แทนซาเนีย,1E,ทวีปแอฟริกา,0.0,0.0
2024-11,2024,11,4,469,SN,เซเนกัล,1E,ทวีปแอฟริกา,0.0,0.0
2024-11,2024,11,4,282,NP,เนปาล,1A,ทวีปเอเชีย,0.0,0.0
2024-11,2024,11,4,339,HU,ฮังการี,1B,ทวีปยุโรป,249.0,1.0
2024-11,2024,11,4,293,LB,เลบานอน,1A,ทวีปเอเชีย,0.0,0.0
2024-11,2024,11,4,437,EG,อียิปต์,1E,ทวีปแอฟริกา,0.0,0.0
2024-11,2024,11,4,337,GE,จอร์เจีย,1A,ทวีปเอเชีย,0.0,0.0
2024-11,2024,11,4,341,KZ,คาซัคสถาน,1A,ทวีปเอเชีย,0.0,0.0
2024-12,2024,12,4,302,CN,จีน,1A,ทวีปเอเชีย,1989046857.0,10802327.0
2024-12,2024,12,4,303,HK,ฮ่องกง,1A,ทวีปเอเชีย,369030.0,1911.0
2024-12,2024,12,4,306,KR,เกาหลีใต้,1A,ทวีปเอเชีย,7025697.0,36030.0
2024-12,2024,12,4,271,MY,มาเลเซีย,1A,ทวีปเอเชีย,108000.0,2400.0
2024-12,2024,12,4,373,US,สหรัฐอเมริกา,1C,ทวีปอเมริกาเหนือ,8259433.0,24932.0
2024-12,2024,12,4,309,TW,ไต้หวัน,1A,ทวีปเอเชีย,300650.0,1691.0
2024-12,2024,12,4,268,KH,กัมพูชา,1A,ทวีปเอเชีย,0.0,0.0
2024-12,2024,12,4,274,VN,เวียดนาม,1A,ทวีปเอเชีย,0.0,0.0
2024-12,2024,12,4,320,GB,สหราชอาณาจักร,1B,ทวีปยุโรป,730594.0,1156.0
2024-12,2024,12,4,483,AU,ออสเตรเลีย,1F,ทวีปออสเตรเลีย,80640.0,96.0
2024-12,2024,12,4,304,JP,ญี่ปุ่น,1A,ทวีปเอเชีย,429194.0,1280.0
2024-12,2024,12,4,319,FR,ฝรั่งเศส,1B,ทวีปยุโรป,1916849.0,6296.0
2024-12,2024,12,4,336,CZ,สาธารณรัฐเช็ก,1B,ทวีปยุโรป,1093288.0,2169.0
2024-12,2024,12,4,267,ID,อินโดนีเซีย,1A,ทวีปเอเชีย,0.0,0.0
2024-12,2024,12,4,325,NL,เนเธอร์แลนด์,1B,ทวีปยุโรป,505015.0,1141.0
2024-12,2024,12,4,366,NO,นอร์เวย์,1B,ทวีปยุโรป,301635.0,598.0
2024-12,2024,12,4,497,NZ,นิวซีแลนด์,1F,ทวีปออสเตรเลีย,193935.0,588.0
2024-12,2024,12,4,323,IT,อิตาลี,1B,ทวีปยุโรป,701801.0,1630.0
2024-12,2024,12,4,316,DK,เดนมาร์ก,1B,ทวีปยุโรป,351164.0,472.0
2024-12,2024,12,4,317,ES,สเปน,1B,ทวีปยุโรป,717413.0,3305.0
2024-12,2024,12,4,315,DE,เยอรมนี,1B,ทวีปยุโรป,185665.0,338.0
2024-12,2024,12,4,285,AE,สหรัฐอาหรับเอมิเรตส์,1A,ทวีปเอเชีย,759991.0,2188.0
2024-12,2024,12,4,356,CH,สวิตเซอร์แลนด์,1B,ทวีปยุโรป,217436.0,308.0
2024-12,2024,12,4,269,LA,สปป. ลาว,1A,ทวีปเอเชีย,0.0,0.0
2024-12,2024,12,4,270,MM,เมียนมา,1A,ทวีปเอเชีย,1255000.0,25000.0
2024-12,2024,12,4,371,CA,แคนาดา,1C,ทวีปอเมริกาเหนือ,26014.0,79.0
2024-12,2024,12,4,327,SE,สวีเดน,1B,ทวีปยุโรป,64275.0,158.0
2024-12,2024,12,4,322,IE,ไอร์แลนด์,1B,ทวีปยุโรป,106095.0,159.0
2024-12,2024,12,4,294,OM,โอมาน,1A,ทวีปเอเชีย,164704.0,231.0
2024-12,2024,12,4,273,SG,สิงคโปร์,1A,ทวีปเอเชีย,0.0,0.0
2024-12,2024,12,4,266,BN,บรูไน,1A,ทวีปเอเชีย,83311.0,344.0
2024-12,2024,12,4,318,FI,ฟินแลนด์,1B,ทวีปยุโรป,0.0,0.0
2024-12,2024,12,4,295,QA,กาตาร์,1A,ทวีปเอเชีย,24521.0,100.0
2024-12,2024,12,4,296,SA,ซาอุดีอาระเบีย,1A,ทวีปเอเชีย,779511.0,1467.0
2024-12,2024,12,4,345,RU,รัสเซีย,1B,ทวีปยุโรป,270497.0,1023.0
2024-12,2024,12,4,312,AT,ออสเตรีย,1B,ทวีปยุโรป,2060.0,4.0
2024-12,2024,12,4,292,KW,คูเวต,1A,ทวีปเอเชีย,97218.0,197.0
2024-12,2024,12,4,281,MV,มัลดีฟส์,1A,ทวีปเอเชีย,44666.0,72.0
2024-12,2024,12,4,447,KE,เคนยา,1E,ทวีปแอฟริกา,0.0,0.0
2024-12,2024,12,4,277,BD,บังกลาเทศ,1A,ทวีปเอเชีย,65874.0,592.0
2024-12,2024,12,4,286,BH,บาห์เรน,1A,ทวีปเอเชีย,5765.0,29.0
2024-12,2024,12,4,461,NG,ไนจีเรีย,1E,ทวีปแอฟริกา,0.0,0.0
2024-12,2024,12,4,489,GU,กวม,1F,ทวีปออสเตรเลีย,0.0,0.0
2024-12,2024,12,4,441,GH,กานา,1E,ทวีปแอฟริกา,0.0,0.0
2024-12,2024,12,4,279,IN,อินเดีย,1A,ทวีปเอเชีย,26543.0,61.0
2024-12,2024,12,4,458,MZ,โมซัมบิก,1E,ทวีปแอฟริกา,0.0,0.0
2024-12,2024,12,4,313,BE,เบลเยียม,1B,ทวีปยุโรป,3764.0,42.0
2024-12,2024,12,4,344,RO,โรมาเนีย,1B,ทวีปยุโรป,0.0,0.0
2024-12,2024,12,4,476,TZ,แทนซาเนีย,1E,ทวีปแอฟริกา,0.0,0.0
2024-12,2024,12,4,469,SN,เซเนกัล,1E,ทวีปแอฟริกา,0.0,0.0
2024-12,2024,12,4,282,NP,เนปาล,1A,ทวีปเอเชีย,0.0,0.0
2024-12,2024,12,4,339,HU,ฮังการี,1B,ทวีปยุโรป,0.0,0.0
2024-12,2024,12,4,293,LB,เลบานอน,1A,ทวีปเอเชีย,0.0,0.0
2024-12,2024,12,4,437,EG,อียิปต์,1E,ทวีปแอฟริกา,0.0,0.0
2024-12,2024,12,4,337,GE,จอร์เจีย,1A,ทวีปเอเชีย,0.0,0.0
2024-12,2024,12,4,341,KZ,คาซัคสถาน,1A,ทวีปเอเชีย,0.0,0.0
2024-12,2024,12,4,567,BA,บอสเนียและเฮอร์เซโกวีนา,1B,ทวีปยุโรป,991.0,5.0
2025-01,2025,1,1,302,CN,จีน,1A,ทวีปเอเชีย,958790090.0,5908746.0
2025-01,2025,1,1,373,US,สหรัฐอเมริกา,1C,ทวีปอเมริกาเหนือ,9003897.0,31404.0
2025-01,2025,1,1,309,TW,ไต้หวัน,1A,ทวีปเอเชีย,8181736.0,50765.0
2025-01,2025,1,1,303,HK,ฮ่องกง,1A,ทวีปเอเชีย,8009080.0,51003.0
2025-01,2025,1,1,306,KR,เกาหลีใต้,1A,ทวีปเอเชีย,2918520.0,23952.0
2025-01,2025,1,1,319,FR,ฝรั่งเศส,1B,ทวีปยุโรป,2803226.0,8213.0
2025-01,2025,1,1,317,ES,สเปน,1B,ทวีปยุโรป,1584674.0,4595.0
2025-01,2025,1,1,271,MY,มาเลเซีย,1A,ทวีปเอเชีย,1233000.0,27400.0
2025-01,2025,1,1,336,CZ,สาธารณรัฐเช็ก,1B,ทวีปยุโรป,1171194.0,2249.0
2025-01,2025,1,1,296,SA,ซาอุดีอาระเบีย,1A,ทวีปเอเชีย,1126101.0,1472.0
2025-01,2025,1,1,285,AE,สหรัฐอาหรับเอมิเรตส์,1A,ทวีปเอเชีย,1093483.0,2723.0
2025-01,2025,1,1,304,JP,ญี่ปุ่น,1A,ทวีปเอเชีย,1079658.0,3335.0
2025-01,2025,1,1,270,MM,เมียนมา,1A,ทวีปเอเชีย,1050000.0,21000.0
2025-01,2025,1,1,320,GB,สหราชอาณาจักร,1B,ทวีปยุโรป,1004019.0,2214.0
2025-01,2025,1,1,269,LA,สปป. ลาว,1A,ทวีปเอเชีย,798331.0,7800.0
2025-01,2025,1,1,497,NZ,นิวซีแลนด์,1F,ทวีปออสเตรเลีย,633580.0,888.0
2025-01,2025,1,1,366,NO,นอร์เวย์,1B,ทวีปยุโรป,431479.0,722.0
2025-01,2025,1,1,325,NL,เนเธอร์แลนด์,1B,ทวีปยุโรป,425515.0,837.0
2025-01,2025,1,1,323,IT,อิตาลี,1B,ทวีปยุโรป,417489.0,893.0
2025-01,2025,1,1,315,DE,เยอรมนี,1B,ทวีปยุโรป,316837.0,474.0
2025-01,2025,1,1,483,AU,ออสเตรเลีย,1F,ทวีปออสเตรเลีย,262746.0,540.0
2025-01,2025,1,1,318,FI,ฟินแลนด์,1B,ทวีปยุโรป,254360.0,360.0
2025-01,2025,1,1,316,DK,เดนมาร์ก,1B,ทวีปยุโรป,254310.0,333.0
2025-01,2025,1,1,356,CH,สวิตเซอร์แลนด์,1B,ทวีปยุโรป,224618.0,294.0
2025-01,2025,1,1,345,RU,รัสเซีย,1B,ทวีปยุโรป,148786.0,580.0
2025-01,2025,1,1,292,KW,คูเวต,1A,ทวีปเอเชีย,121261.0,228.0
2025-01,2025,1,1,322,IE,ไอร์แลนด์,1B,ทวีปยุโรป,90434.0,167.0
2025-01,2025,1,1,294,OM,โอมาน,1A,ทวีปเอเชีย,80516.0,124.0
2025-01,2025,1,1,277,BD,บังกลาเทศ,1A,ทวีปเอเชีย,64401.0,520.0
2025-01,2025,1,1,458,MZ,โมซัมบิก,1E,ทวีปแอฟริกา,35000.0,350.0
2025-01,2025,1,1,371,CA,แคนาดา,1C,ทวีปอเมริกาเหนือ,27349.0,48.0
2025-01,2025,1,1,295,QA,กาตาร์,1A,ทวีปเอเชีย,23422.0,94.0
2025-01,2025,1,1,281,MV,มัลดีฟส์,1A,ทวีปเอเชีย,7335.0,10.0
2025-01,2025,1,1,327,SE,สวีเดน,1B,ทวีปยุโรป,4504.0,41.0
2025-01,2025,1,1,282,NP,เนปาล,1A,ทวีปเอเชีย,3889.0,24.0
2025-01,2025,1,1,313,BE,เบลเยียม,1B,ทวีปยุโรป,1766.0,20.0
2025-01,2025,1,1,286,BH,บาห์เรน,1A,ทวีปเอเชีย,981.0,5.0
2025-02,2025,2,1,302,CN,จีน,1A,ทวีปเอเชีย,1863812929.0,12082115.0
2025-02,2025,2,1,303,HK,ฮ่องกง,1A,ทวีปเอเชีย,16254928.0,104386.0
2025-02,2025,2,1,373,US,สหรัฐอเมริกา,1C,ทวีปอเมริกาเหนือ,6360561.0,22534.0
2025-02,2025,2,1,309,TW,ไต้หวัน,1A,ทวีปเอเชีย,1915775.0,11130.0
2025-02,2025,2,1,306,KR,เกาหลีใต้,1A,ทวีปเอเชีย,6368470.0,40433.0
2025-02,2025,2,1,319,FR,ฝรั่งเศส,1B,ทวีปยุโรป,1142639.0,3447.0
2025-02,2025,2,1,304,JP,ญี่ปุ่น,1A,ทวีปเอเชีย,2354216.0,6424.0
2025-02,2025,2,1,317,ES,สเปน,1B,ทวีปยุโรป,1711463.0,5470.0
2025-02,2025,2,1,336,CZ,สาธารณรัฐเช็ก,1B,ทวีปยุโรป,1759000.0,3457.0
2025-02,2025,2,1,483,AU,ออสเตรเลีย,1F,ทวีปออสเตรเลีย,2520658.0,3780.0
2025-02,2025,2,1,271,MY,มาเลเซีย,1A,ทวีปเอเชีย,1074000.0,23750.0
2025-02,2025,2,1,285,AE,สหรัฐอาหรับเอมิเรตส์,1A,ทวีปเอเชีย,1165988.0,2239.0
2025-02,2025,2,1,320,GB,สหราชอาณาจักร,1B,ทวีปยุโรป,991971.0,1732.0
2025-02,2025,2,1,270,MM,เมียนมา,1A,ทวีปเอเชีย,930000.0,18600.0
2025-02,2025,2,1,296,SA,ซาอุดีอาระเบีย,1A,ทวีปเอเชีย,662717.0,1383.0
2025-02,2025,2,1,325,NL,เนเธอร์แลนด์,1B,ทวีปยุโรป,1089619.0,2475.0
2025-02,2025,2,1,274,VN,เวียดนาม,1A,ทวีปเอเชีย,930972.0,24380.0
2025-02,2025,2,1,497,NZ,นิวซีแลนด์,1F,ทวีปออสเตรเลีย,211880.0,636.0
2025-02,2025,2,1,269,LA,สปป. ลาว,1A,ทวีปเอเชีย,0.0,0.0
2025-02,2025,2,1,315,DE,เยอรมนี,1B,ทวีปยุโรป,435382.0,648.0
2025-02,2025,2,1,316,DK,เดนมาร์ก,1B,ทวีปยุโรป,379640.0,508.0
2025-02,2025,2,1,366,NO,นอร์เวย์,1B,ทวีปยุโรป,194304.0,425.0
2025-02,2025,2,1,323,IT,อิตาลี,1B,ทวีปยุโรป,102938.0,230.0
2025-02,2025,2,1,356,CH,สวิตเซอร์แลนด์,1B,ทวีปยุโรป,269867.0,400.0
2025-02,2025,2,1,327,SE,สวีเดน,1B,ทวีปยุโรป,445342.0,505.0
2025-02,2025,2,1,318,FI,ฟินแลนด์,1B,ทวีปยุโรป,165132.0,224.0
2025-02,2025,2,1,345,RU,รัสเซีย,1B,ทวีปยุโรป,134413.0,527.0
2025-02,2025,2,1,266,BN,บรูไน,1A,ทวีปเอเชีย,256642.0,1481.0
2025-02,2025,2,1,292,KW,คูเวต,1A,ทวีปเอเชีย,91334.0,227.0
2025-02,2025,2,1,322,IE,ไอร์แลนด์,1B,ทวีปยุโรป,99968.0,185.0
2025-02,2025,2,1,294,OM,โอมาน,1A,ทวีปเอเชีย,98315.0,141.0
2025-02,2025,2,1,277,BD,บังกลาเทศ,1A,ทวีปเอเชีย,29802.0,264.0
2025-02,2025,2,1,371,CA,แคนาดา,1C,ทวีปอเมริกาเหนือ,39383.0,75.0
2025-02,2025,2,1,312,AT,ออสเตรีย,1B,ทวีปยุโรป,51233.0,135.0
2025-02,2025,2,1,295,QA,กาตาร์,1A,ทวีปเอเชีย,20026.0,80.0
2025-02,2025,2,1,458,MZ,โมซัมบิก,1E,ทวีปแอฟริกา,0.0,0.0
2025-02,2025,2,1,437,EG,อียิปต์,1E,ทวีปแอฟริกา,20960.0,48.0
2025-02,2025,2,1,281,MV,มัลดีฟส์,1A,ทวีปเอเชีย,10309.0,11.0
2025-02,2025,2,1,339,HU,ฮังการี,1B,ทวีปยุโรป,12013.0,31.0
2025-02,2025,2,1,341,KZ,คาซัคสถาน,1A,ทวีปเอเชีย,7260.0,30.0
2025-02,2025,2,1,279,IN,อินเดีย,1A,ทวีปเอเชีย,4408.0,67.0
2025-02,2025,2,1,313,BE,เบลเยียม,1B,ทวีปยุโรป,2620.0,30.0
2025-02,2025,2,1,282,NP,เนปาล,1A,ทวีปเอเชีย,0.0,0.0
2025-02,2025,2,1,286,BH,บาห์เรน,1A,ทวีปเอเชีย,976.0,5.0
2025-03,2025,3,1,302,CN,จีน,1A,ทวีปเอเชีย,2516940546.0,14624324.0
2025-03,2025,3,1,303,HK,ฮ่องกง,1A,ทวีปเอเชีย,12910371.0,77406.0
2025-03,2025,3,1,373,US,สหรัฐอเมริกา,1C,ทวีปอเมริกาเหนือ,8168867.0,24645.0
2025-03,2025,3,1,306,KR,เกาหลีใต้,1A,ทวีปเอเชีย,9856936.0,72385.0
2025-03,2025,3,1,309,TW,ไต้หวัน,1A,ทวีปเอเชีย,2747993.0,20924.0
2025-03,2025,3,1,268,KH,กัมพูชา,1A,ทวีปเอเชีย,9988435.0,36857.0
2025-03,2025,3,1,271,MY,มาเลเซีย,1A,ทวีปเอเชีย,5332500.0,103500.0
2025-03,2025,3,1,304,JP,ญี่ปุ่น,1A,ทวีปเอเชีย,2760973.0,6093.0
2025-03,2025,3,1,483,AU,ออสเตรเลีย,1F,ทวีปออสเตรเลีย,2766596.0,4704.0
2025-03,2025,3,1,336,CZ,สาธารณรัฐเช็ก,1B,ทวีปยุโรป,1724188.0,3522.0
2025-03,2025,3,1,319,FR,ฝรั่งเศส,1B,ทวีปยุโรป,520313.0,2684.0
2025-03,2025,3,1,320,GB,สหราชอาณาจักร,1B,ทวีปยุโรป,2366092.0,3260.0
2025-03,2025,3,1,270,MM,เมียนมา,1A,ทวีปเอเชีย,1430000.0,28500.0
2025-03,2025,3,1,317,ES,สเปน,1B,ทวีปยุโรป,0.0,0.0
2025-03,2025,3,1,285,AE,สหรัฐอาหรับเอมิเรตส์,1A,ทวีปเอเชีย,915057.0,2622.0
2025-03,2025,3,1,325,NL,เนเธอร์แลนด์,1B,ทวีปยุโรป,783961.0,906.0
2025-03,2025,3,1,296,SA,ซาอุดีอาระเบีย,1A,ทวีปเอเชีย,386565.0,827.0
2025-03,2025,3,1,366,NO,นอร์เวย์,1B,ทวีปยุโรป,1029899.0,2116.0
2025-03,2025,3,1,315,DE,เยอรมนี,1B,ทวีปยุโรป,833237.0,1210.0
2025-03,2025,3,1,274,VN,เวียดนาม,1A,ทวีปเอเชีย,321111.0,3000.0
2025-03,2025,3,1,316,DK,เดนมาร์ก,1B,ทวีปยุโรป,571733.0,807.0
2025-03,2025,3,1,356,CH,สวิตเซอร์แลนด์,1B,ทวีปยุโรป,521949.0,1170.0
2025-03,2025,3,1,323,IT,อิตาลี,1B,ทวีปยุโรป,422705.0,1063.0
2025-03,2025,3,1,497,NZ,นิวซีแลนด์,1F,ทวีปออสเตรเลีย,0.0,0.0
2025-03,2025,3,1,269,LA,สปป. ลาว,1A,ทวีปเอเชีย,0.0,0.0
2025-03,2025,3,1,327,SE,สวีเดน,1B,ทวีปยุโรป,151784.0,386.0
2025-03,2025,3,1,318,FI,ฟินแลนด์,1B,ทวีปยุโรป,104158.0,126.0
2025-03,2025,3,1,266,BN,บรูไน,1A,ทวีปเอเชีย,138003.0,781.0
2025-03,2025,3,1,345,RU,รัสเซีย,1B,ทวีปยุโรป,108848.0,456.0
2025-03,2025,3,1,322,IE,ไอร์แลนด์,1B,ทวีปยุโรป,127133.0,242.0
2025-03,2025,3,1,294,OM,โอมาน,1A,ทวีปเอเชีย,129501.0,283.0
2025-03,2025,3,1,292,KW,คูเวต,1A,ทวีปเอเชีย,78411.0,243.0
2025-03,2025,3,1,295,QA,กาตาร์,1A,ทวีปเอเชีย,94434.0,491.0
2025-03,2025,3,1,277,BD,บังกลาเทศ,1A,ทวีปเอเชีย,26624.0,304.0
2025-03,2025,3,1,371,CA,แคนาดา,1C,ทวีปอเมริกาเหนือ,39484.0,84.0
2025-03,2025,3,1,312,AT,ออสเตรีย,1B,ทวีปยุโรป,7380.0,15.0
2025-03,2025,3,1,286,BH,บาห์เรน,1A,ทวีปเอเชีย,48026.0,57.0
2025-03,2025,3,1,458,MZ,โมซัมบิก,1E,ทวีปแอฟริกา,0.0,0.0
2025-03,2025,3,1,437,EG,อียิปต์,1E,ทวีปแอฟริกา,0.0,0.0
2025-03,2025,3,1,281,MV,มัลดีฟส์,1A,ทวีปเอเชีย,0.0,0.0
2025-03,2025,3,1,396,NI,นิการากัว,1C,ทวีปอเมริกาเหนือ,13770.0,51.0
2025-03,2025,3,1,339,HU,ฮังการี,1B,ทวีปยุโรป,0.0,0.0
2025-03,2025,3,1,341,KZ,คาซัคสถาน,1A,ทวีปเอเชีย,0.0,0.0
2025-03,2025,3,1,313,BE,เบลเยียม,1B,ทวีปยุโรป,1305.0,15.0
2025-03,2025,3,1,279,IN,อินเดีย,1A,ทวีปเอเชีย,0.0,0.0
2025-03,2025,3,1,282,NP,เนปาล,1A,ทวีปเอเชีย,0.0,0.0
2025-04,2025,4,2,302,CN,จีน,1A,ทวีปเอเชีย,17751082861.0,106193275.0
2025-04,2025,4,2,303,HK,ฮ่องกง,1A,ทวีปเอเชีย,254293284.0,1520433.0
2025-04,2025,4,2,268,KH,กัมพูชา,1A,ทวีปเอเชีย,132982330.0,496717.0
2025-04,2025,4,2,271,MY,มาเลเซีย,1A,ทวีปเอเชีย,106153000.0,770500.0
2025-04,2025,4,2,309,TW,ไต้หวัน,1A,ทวีปเอเชีย,75517501.0,533279.0
2025-04,2025,4,2,306,KR,เกาหลีใต้,1A,ทวีปเอเชีย,41964891.0,335190.0
2025-04,2025,4,2,373,US,สหรัฐอเมริกา,1C,ทวีปอเมริกาเหนือ,21673670.0,57930.0
2025-04,2025,4,2,304,JP,ญี่ปุ่น,1A,ทวีปเอเชีย,8669524.0,25111.0
2025-04,2025,4,2,483,AU,ออสเตรเลีย,1F,ทวีปออสเตรเลีย,3514181.0,5410.0
2025-04,2025,4,2,320,GB,สหราชอาณาจักร,1B,ทวีปยุโรป,4335653.0,9502.0
2025-04,2025,4,2,274,VN,เวียดนาม,1A,ทวีปเอเชีย,6596681.0,162413.0
2025-04,2025,4,2,336,CZ,สาธารณรัฐเช็ก,1B,ทวีปยุโรป,1922926.0,5527.0
2025-04,2025,4,2,319,FR,ฝรั่งเศส,1B,ทวีปยุโรป,682970.0,3850.0
2025-04,2025,4,2,285,AE,สหรัฐอาหรับเอมิเรตส์,1A,ทวีปเอเชีย,1676866.0,3689.0
2025-04,2025,4,2,325,NL,เนเธอร์แลนด์,1B,ทวีปยุโรป,2364706.0,3454.0
2025-04,2025,4,2,270,MM,เมียนมา,1A,ทวีปเอเชีย,715000.0,14250.0
2025-04,2025,4,2,315,DE,เยอรมนี,1B,ทวีปยุโรป,1807942.0,2798.0
2025-04,2025,4,2,317,ES,สเปน,1B,ทวีปยุโรป,0.0,0.0
2025-04,2025,4,2,296,SA,ซาอุดีอาระเบีย,1A,ทวีปเอเชีย,471863.0,1071.0
2025-04,2025,4,2,366,NO,นอร์เวย์,1B,ทวีปยุโรป,900514.0,2110.0
2025-04,2025,4,2,356,CH,สวิตเซอร์แลนด์,1B,ทวีปยุโรป,1362860.0,2776.0
2025-04,2025,4,2,316,DK,เดนมาร์ก,1B,ทวีปยุโรป,947121.0,1483.0
2025-04,2025,4,2,497,NZ,นิวซีแลนด์,1F,ทวีปออสเตรเลีย,927480.0,2077.0
2025-04,2025,4,2,327,SE,สวีเดน,1B,ทวีปยุโรป,982650.0,1685.0
2025-04,2025,4,2,323,IT,อิตาลี,1B,ทวีปยุโรป,389397.0,1432.0
2025-04,2025,4,2,266,BN,บรูไน,1A,ทวีปเอเชีย,692802.0,3767.0
2025-04,2025,4,2,269,LA,สปป. ลาว,1A,ทวีปเอเชีย,0.0,0.0
2025-04,2025,4,2,318,FI,ฟินแลนด์,1B,ทวีปยุโรป,186543.0,228.0
2025-04,2025,4,2,294,OM,โอมาน,1A,ทวีปเอเชีย,312460.0,455.0
2025-04,2025,4,2,345,RU,รัสเซีย,1B,ทวีปยุโรป,84585.0,323.0
2025-04,2025,4,2,322,IE,ไอร์แลนด์,1B,ทวีปยุโรป,114178.0,251.0
2025-04,2025,4,2,371,CA,แคนาดา,1C,ทวีปอเมริกาเหนือ,291453.0,816.0
2025-04,2025,4,2,273,SG,สิงคโปร์,1A,ทวีปเอเชีย,387720.0,1944.0
2025-04,2025,4,2,292,KW,คูเวต,1A,ทวีปเอเชีย,90370.0,236.0
2025-04,2025,4,2,286,BH,บาห์เรน,1A,ทวีปเอเชีย,193976.0,419.0
2025-04,2025,4,2,312,AT,ออสเตรีย,1B,ทวีปยุโรป,137866.0,214.0
2025-04,2025,4,2,295,QA,กาตาร์,1A,ทวีปเอเชีย,20014.0,93.0
2025-04,2025,4,2,277,BD,บังกลาเทศ,1A,ทวีปเอเชีย,11213.0,40.0
2025-04,2025,4,2,360,IS,ไอซ์แลนด์,1B,ทวีปยุโรป,62122.0,80.0
2025-04,2025,4,2,437,EG,อียิปต์,1E,ทวีปแอฟริกา,18798.0,24.0
2025-04,2025,4,2,458,MZ,โมซัมบิก,1E,ทวีปแอฟริกา,0.0,0.0
2025-04,2025,4,2,465,SC,เซเชลส์,1E,ทวีปแอฟริกา,26409.0,30.0
2025-04,2025,4,2,281,MV,มัลดีฟส์,1A,ทวีปเอเชีย,5754.0,9.0
2025-04,2025,4,2,396,NI,นิการากัว,1C,ทวีปอเมริกาเหนือ,0.0,0.0
2025-04,2025,4,2,339,HU,ฮังการี,1B,ทวีปยุโรป,0.0,0.0
2025-04,2025,4,2,313,BE,เบลเยียม,1B,ทวีปยุโรป,5440.0,60.0
2025-04,2025,4,2,341,KZ,คาซัคสถาน,1A,ทวีปเอเชีย,0.0,0.0
2025-04,2025,4,2,279,IN,อินเดีย,1A,ทวีปเอเชีย,0.0,0.0
2025-04,2025,4,2,282,NP,เนปาล,1A,ทวีปเอเชีย,0.0,0.0
2025-05,2025,5,2,302,CN,จีน,1A,ทวีปเอเชีย,39179681429.0,282692503.0
2025-05,2025,5,2,271,MY,มาเลเซีย,1A,ทวีปเอเชีย,433353560.0,2729213.0
2025-05,2025,5,2,303,HK,ฮ่องกง,1A,ทวีปเอเชีย,252714371.0,1983510.0
2025-05,2025,5,2,268,KH,กัมพูชา,1A,ทวีปเอเชีย,275178774.0,1106014.0
2025-05,2025,5,2,309,TW,ไต้หวัน,1A,ทวีปเอเชีย,94399595.0,735561.0
2025-05,2025,5,2,306,KR,เกาหลีใต้,1A,ทวีปเอเชีย,81933010.0,729190.0
2025-05,2025,5,2,373,US,สหรัฐอเมริกา,1C,ทวีปอเมริกาเหนือ,24512546.0,82308.0
2025-05,2025,5,2,304,JP,ญี่ปุ่น,1A,ทวีปเอเชีย,10876771.0,35127.0
2025-05,2025,5,2,320,GB,สหราชอาณาจักร,1B,ทวีปยุโรป,10574152.0,23797.0
2025-05,2025,5,2,483,AU,ออสเตรเลีย,1F,ทวีปออสเตรเลีย,6380789.0,11384.0
2025-05,2025,5,2,319,FR,ฝรั่งเศส,1B,ทวีปยุโรป,6477714.0,25911.0
2025-05,2025,5,2,336,CZ,สาธารณรัฐเช็ก,1B,ทวีปยุโรป,3737271.0,13661.0
2025-05,2025,5,2,285,AE,สหรัฐอาหรับเอมิเรตส์,1A,ทวีปเอเชีย,3391568.0,6425.0
2025-05,2025,5,2,325,NL,เนเธอร์แลนด์,1B,ทวีปยุโรป,3458733.0,8751.0
2025-05,2025,5,2,274,VN,เวียดนาม,1A,ทวีปเอเชีย,115614.0,1000.0
2025-05,2025,5,2,317,ES,สเปน,1B,ทวีปยุโรป,4582003.0,15220.0
2025-05,2025,5,2,315,DE,เยอรมนี,1B,ทวีปยุโรป,3276158.0,4939.0
2025-05,2025,5,2,270,MM,เมียนมา,1A,ทวีปเอเชีย,1055000.0,20500.0
2025-05,2025,5,2,356,CH,สวิตเซอร์แลนด์,1B,ทวีปยุโรป,1941622.0,4806.0
2025-05,2025,5,2,366,NO,นอร์เวย์,1B,ทวีปยุโรป,1611564.0,4124.0
2025-05,2025,5,2,327,SE,สวีเดน,1B,ทวีปยุโรป,2126781.0,3211.0
2025-05,2025,5,2,497,NZ,นิวซีแลนด์,1F,ทวีปออสเตรเลีย,1840837.0,3726.0
2025-05,2025,5,2,269,LA,สปป. ลาว,1A,ทวีปเอเชีย,2397359.0,18144.0
2025-05,2025,5,2,296,SA,ซาอุดีอาระเบีย,1A,ทวีปเอเชีย,454108.0,1119.0
2025-05,2025,5,2,316,DK,เดนมาร์ก,1B,ทวีปยุโรป,824575.0,2110.0
2025-05,2025,5,2,371,CA,แคนาดา,1C,ทวีปอเมริกาเหนือ,1763056.0,4820.0
2025-05,2025,5,2,266,BN,บรูไน,1A,ทวีปเอเชีย,856720.0,4897.0
2025-05,2025,5,2,323,IT,อิตาลี,1B,ทวีปยุโรป,280373.0,930.0
2025-05,2025,5,2,294,OM,โอมาน,1A,ทวีปเอเชีย,484045.0,710.0
2025-05,2025,5,2,318,FI,ฟินแลนด์,1B,ทวีปยุโรป,372415.0,480.0
2025-05,2025,5,2,273,SG,สิงคโปร์,1A,ทวีปเอเชีย,562170.0,1719.0
2025-05,2025,5,2,322,IE,ไอร์แลนด์,1B,ทวีปยุโรป,506857.0,752.0
2025-05,2025,5,2,286,BH,บาห์เรน,1A,ทวีปเอเชีย,371281.0,792.0
2025-05,2025,5,2,312,AT,ออสเตรีย,1B,ทวีปยุโรป,398720.0,540.0
2025-05,2025,5,2,345,RU,รัสเซีย,1B,ทวีปยุโรป,116526.0,467.0
2025-05,2025,5,2,292,KW,คูเวต,1A,ทวีปเอเชีย,88247.0,173.0
2025-05,2025,5,2,295,QA,กาตาร์,1A,ทวีปเอเชีย,96133.0,302.0
2025-05,2025,5,2,277,BD,บังกลาเทศ,1A,ทวีปเอเชีย,8158.0,360.0
2025-05,2025,5,2,465,SC,เซเชลส์,1E,ทวีปแอฟริกา,89188.0,100.0
2025-05,2025,5,2,360,IS,ไอซ์แลนด์,1B,ทวีปยุโรป,0.0,0.0
2025-05,2025,5,2,458,MZ,โมซัมบิก,1E,ทวีปแอฟริกา,25600.0,320.0
2025-05,2025,5,2,339,HU,ฮังการี,1B,ทวีปยุโรป,37460.0,85.0
2025-05,2025,5,2,447,KE,เคนยา,1E,ทวีปแอฟริกา,47792.0,145.0
2025-05,2025,5,2,437,EG,อียิปต์,1E,ทวีปแอฟริกา,0.0,0.0
2025-05,2025,5,2,281,MV,มัลดีฟส์,1A,ทวีปเอเชีย,9620.0,18.0
2025-05,2025,5,2,313,BE,เบลเยียม,1B,ทวีปยุโรป,21587.0,230.0
2025-05,2025,5,2,396,NI,นิการากัว,1C,ทวีปอเมริกาเหนือ,0.0,0.0
2025-05,2025,5,2,341,KZ,คาซัคสถาน,1A,ทวีปเอเชีย,1609.0,42.0
2025-05,2025,5,2,282,NP,เนปาล,1A,ทวีปเอเชีย,3766.0,24.0
2025-05,2025,5,2,279,IN,อินเดีย,1A,ทวีปเอเชีย,0.0,0.0
2025-06,2025,6,2,302,CN,จีน,1A,ทวีปเอเชีย,22637468462.0,201331211.0
2025-06,2025,6,2,303,HK,ฮ่องกง,1A,ทวีปเอเชีย,227357944.0,2057791.0
2025-06,2025,6,2,271,MY,มาเลเซีย,1A,ทวีปเอเชีย,201112500.0,2106100.0
2025-06,2025,6,2,268,KH,กัมพูชา,1A,ทวีปเอเชีย,0.0,0.0
2025-06,2025,6,2,306,KR,เกาหลีใต้,1A,ทวีปเอเชีย,58391048.0,566395.0
2025-06,2025,6,2,309,TW,ไต้หวัน,1A,ทวีปเอเชีย,16673127.0,150092.0
2025-06,2025,6,2,373,US,สหรัฐอเมริกา,1C,ทวีปอเมริกาเหนือ,28672403.0,119667.0
2025-06,2025,6,2,304,JP,ญี่ปุ่น,1A,ทวีปเอเชีย,15735992.0,60410.0
2025-06,2025,6,2,320,GB,สหราชอาณาจักร,1B,ทวีปยุโรป,8979569.0,20423.0
2025-06,2025,6,2,483,AU,ออสเตรเลีย,1F,ทวีปออสเตรเลีย,11964920.0,20945.0
2025-06,2025,6,2,319,FR,ฝรั่งเศส,1B,ทวีปยุโรป,5881028.0,26785.0
2025-06,2025,6,2,336,CZ,สาธารณรัฐเช็ก,1B,ทวีปยุโรป,4339580.0,13837.0
2025-06,2025,6,2,325,NL,เนเธอร์แลนด์,1B,ทวีปยุโรป,4268735.0,7634.0
2025-06,2025,6,2,285,AE,สหรัฐอาหรับเอมิเรตส์,1A,ทวีปเอเชีย,3880986.0,6930.0
2025-06,2025,6,2,315,DE,เยอรมนี,1B,ทวีปยุโรป,4059028.0,6794.0
2025-06,2025,6,2,317,ES,สเปน,1B,ทวีปยุโรป,2757629.0,10792.0
2025-06,2025,6,2,274,VN,เวียดนาม,1A,ทวีปเอเชีย,266276.0,3400.0
2025-06,2025,6,2,366,NO,นอร์เวย์,1B,ทวีปยุโรป,2618942.0,5647.0
2025-06,2025,6,2,497,NZ,นิวซีแลนด์,1F,ทวีปออสเตรเลีย,2830893.0,5532.0
2025-06,2025,6,2,270,MM,เมียนมา,1A,ทวีปเอเชีย,1050000.0,21000.0
2025-06,2025,6,2,356,CH,สวิตเซอร์แลนด์,1B,ทวีปยุโรป,1830656.0,4919.0
2025-06,2025,6,2,316,DK,เดนมาร์ก,1B,ทวีปยุโรป,2827753.0,5526.0
2025-06,2025,6,2,327,SE,สวีเดน,1B,ทวีปยุโรป,992621.0,2397.0
2025-06,2025,6,2,296,SA,ซาอุดีอาระเบีย,1A,ทวีปเอเชีย,332884.0,1097.0
2025-06,2025,6,2,269,LA,สปป. ลาว,1A,ทวีปเอเชีย,0.0,0.0
2025-06,2025,6,2,371,CA,แคนาดา,1C,ทวีปอเมริกาเหนือ,492802.0,1084.0
2025-06,2025,6,2,266,BN,บรูไน,1A,ทวีปเอเชีย,621112.0,4457.0
2025-06,2025,6,2,323,IT,อิตาลี,1B,ทวีปยุโรป,190232.0,264.0
2025-06,2025,6,2,294,OM,โอมาน,1A,ทวีปเอเชีย,596472.0,965.0
2025-06,2025,6,2,322,IE,ไอร์แลนด์,1B,ทวีปยุโรป,705215.0,1214.0
2025-06,2025,6,2,318,FI,ฟินแลนด์,1B,ทวีปยุโรป,36736.0,36.0
2025-06,2025,6,2,273,SG,สิงคโปร์,1A,ทวีปเอเชีย,100800.0,144.0
2025-06,2025,6,2,286,BH,บาห์เรน,1A,ทวีปเอเชีย,421725.0,974.0
2025-06,2025,6,2,312,AT,ออสเตรีย,1B,ทวีปยุโรป,300930.0,407.0
2025-06,2025,6,2,345,RU,รัสเซีย,1B,ทวีปยุโรป,92706.0,389.0
2025-06,2025,6,2,292,KW,คูเวต,1A,ทวีปเอเชีย,66692.0,199.0
2025-06,2025,6,2,295,QA,กาตาร์,1A,ทวีปเอเชีย,24948.0,138.0
2025-06,2025,6,2,465,SC,เซเชลส์,1E,ทวีปแอฟริกา,44388.0,50.0
2025-06,2025,6,2,447,KE,เคนยา,1E,ทวีปแอฟริกา,100453.0,553.0
2025-06,2025,6,2,277,BD,บังกลาเทศ,1A,ทวีปเอเชีย,3970.0,144.0
2025-06,2025,6,2,281,MV,มัลดีฟส์,1A,ทวีปเอเชีย,80461.0,130.0
2025-06,2025,6,2,305,KP,เกาหลีเหนือ,1A,ทวีปเอเชีย,106235.0,1013.0
2025-06,2025,6,2,344,RO,โรมาเนีย,1B,ทวีปยุโรป,94633.0,120.0
2025-06,2025,6,2,339,HU,ฮังการี,1B,ทวีปยุโรป,17761.0,41.0
2025-06,2025,6,2,360,IS,ไอซ์แลนด์,1B,ทวีปยุโรป,0.0,0.0
2025-06,2025,6,2,458,MZ,โมซัมบิก,1E,ทวีปแอฟริกา,0.0,0.0
2025-06,2025,6,2,313,BE,เบลเยียม,1B,ทวีปยุโรป,16469.0,180.0
2025-06,2025,6,2,437,EG,อียิปต์,1E,ทวีปแอฟริกา,5573.0,12.0
2025-06,2025,6,2,396,NI,นิการากัว,1C,ทวีปอเมริกาเหนือ,0.0,0.0
2025-06,2025,6,2,282,NP,เนปาล,1A,ทวีปเอเชีย,3734.0,24.0
2025-06,2025,6,2,341,KZ,คาซัคสถาน,1A,ทวีปเอเชีย,788.0,20.0
2025-06,2025,6,2,279,IN,อินเดีย,1A,ทวีปเอเชีย,1638.0,108.0
2025-06,2025,6,2,337,GE,จอร์เจีย,1A,ทวีปเอเชีย,1310.0,96.0
2025-07,2025,7,3,302,CN,จีน,1A,ทวีปเอเชีย,23254015967.0,213764705.0
2025-07,2025,7,3,271,MY,มาเลเซีย,1A,ทวีปเอเชีย,145309100.0,2906310.0
2025-07,2025,7,3,303,HK,ฮ่องกง,1A,ทวีปเอเชีย,98659174.0,898568.0
2025-07,2025,7,3,268,KH,กัมพูชา,1A,ทวีปเอเชีย,0.0,0.0
2025-07,2025,7,3,306,KR,เกาหลีใต้,1A,ทวีปเอเชีย,31724002.0,308179.0
2025-07,2025,7,3,309,TW,ไต้หวัน,1A,ทวีปเอเชีย,16803517.0,125404.0
2025-07,2025,7,3,373,US,สหรัฐอเมริกา,1C,ทวีปอเมริกาเหนือ,23312611.0,85928.0
2025-07,2025,7,3,304,JP,ญี่ปุ่น,1A,ทวีปเอเชีย,8451778.0,36970.0
2025-07,2025,7,3,483,AU,ออสเตรเลีย,1F,ทวีปออสเตรเลีย,8743784.0,14760.0
2025-07,2025,7,3,320,GB,สหราชอาณาจักร,1B,ทวีปยุโรป,6502331.0,14243.0
2025-07,2025,7,3,319,FR,ฝรั่งเศส,1B,ทวีปยุโรป,6867923.0,28489.0
2025-07,2025,7,3,336,CZ,สาธารณรัฐเช็ก,1B,ทวีปยุโรป,2236477.0,5317.0
2025-07,2025,7,3,285,AE,สหรัฐอาหรับเอมิเรตส์,1A,ทวีปเอเชีย,4495735.0,10485.0
2025-07,2025,7,3,325,NL,เนเธอร์แลนด์,1B,ทวีปยุโรป,2959229.0,4814.0
2025-07,2025,7,3,317,ES,สเปน,1B,ทวีปยุโรป,3075188.0,11839.0
2025-07,2025,7,3,315,DE,เยอรมนี,1B,ทวีปยุโรป,2607465.0,6255.0
2025-07,2025,7,3,366,NO,นอร์เวย์,1B,ทวีปยุโรป,2406040.0,4403.0
2025-07,2025,7,3,497,NZ,นิวซีแลนด์,1F,ทวีปออสเตรเลีย,2348820.0,4920.0
2025-07,2025,7,3,274,VN,เวียดนาม,1A,ทวีปเอเชีย,532694.0,8200.0
2025-07,2025,7,3,316,DK,เดนมาร์ก,1B,ทวีปยุโรป,2409364.0,4209.0
2025-07,2025,7,3,356,CH,สวิตเซอร์แลนด์,1B,ทวีปยุโรป,1793812.0,4135.0
2025-07,2025,7,3,270,MM,เมียนมา,1A,ทวีปเอเชีย,455000.0,7500.0
2025-07,2025,7,3,327,SE,สวีเดน,1B,ทวีปยุโรป,1269965.0,2173.0
2025-07,2025,7,3,296,SA,ซาอุดีอาระเบีย,1A,ทวีปเอเชีย,314447.0,599.0
2025-07,2025,7,3,266,BN,บรูไน,1A,ทวีปเอเชีย,714154.0,5204.0
2025-07,2025,7,3,371,CA,แคนาดา,1C,ทวีปอเมริกาเหนือ,556728.0,828.0
2025-07,2025,7,3,269,LA,สปป. ลาว,1A,ทวีปเอเชีย,0.0,0.0
2025-07,2025,7,3,294,OM,โอมาน,1A,ทวีปเอเชีย,422181.0,653.0
2025-07,2025,7,3,322,IE,ไอร์แลนด์,1B,ทวีปยุโรป,410417.0,673.0
2025-07,2025,7,3,323,IT,อิตาลี,1B,ทวีปยุโรป,160957.0,193.0
2025-07,2025,7,3,286,BH,บาห์เรน,1A,ทวีปเอเชีย,316387.0,807.0
2025-07,2025,7,3,318,FI,ฟินแลนด์,1B,ทวีปยุโรป,57673.0,57.0
2025-07,2025,7,3,312,AT,ออสเตรีย,1B,ทวีปยุโรป,172030.0,294.0
2025-07,2025,7,3,273,SG,สิงคโปร์,1A,ทวีปเอเชีย,0.0,0.0
2025-07,2025,7,3,479,ZM,แซมเบีย,1E,ทวีปแอฟริกา,1000000.0,504.0
2025-07,2025,7,3,345,RU,รัสเซีย,1B,ทวีปยุโรป,63351.0,254.0
2025-07,2025,7,3,292,KW,คูเวต,1A,ทวีปเอเชีย,62224.0,113.0
2025-07,2025,7,3,295,QA,กาตาร์,1A,ทวีปเอเชีย,202648.0,229.0
2025-07,2025,7,3,281,MV,มัลดีฟส์,1A,ทวีปเอเชีย,102588.0,215.0
2025-07,2025,7,3,447,KE,เคนยา,1E,ทวีปแอฟริกา,49482.0,184.0
2025-07,2025,7,3,465,SC,เซเชลส์,1E,ทวีปแอฟริกา,0.0,0.0
2025-07,2025,7,3,277,BD,บังกลาเทศ,1A,ทวีปเอเชีย,0.0,0.0
2025-07,2025,7,3,344,RO,โรมาเนีย,1B,ทวีปยุโรป,21215.0,30.0
2025-07,2025,7,3,305,KP,เกาหลีเหนือ,1A,ทวีปเอเชีย,0.0,0.0
2025-07,2025,7,3,313,BE,เบลเยียม,1B,ทวีปยุโรป,30882.0,332.0
2025-07,2025,7,3,339,HU,ฮังการี,1B,ทวีปยุโรป,5239.0,6.0
2025-07,2025,7,3,360,IS,ไอซ์แลนด์,1B,ทวีปยุโรป,0.0,0.0
2025-07,2025,7,3,458,MZ,โมซัมบิก,1E,ทวีปแอฟริกา,0.0,0.0
2025-07,2025,7,3,437,EG,อียิปต์,1E,ทวีปแอฟริกา,0.0,0.0
2025-07,2025,7,3,282,NP,เนปาล,1A,ทวีปเอเชีย,3703.0,24.0
2025-07,2025,7,3,396,NI,นิการากัว,1C,ทวีปอเมริกาเหนือ,0.0,0.0
2025-07,2025,7,3,279,IN,อินเดีย,1A,ทวีปเอเชีย,6554.0,318.0
2025-07,2025,7,3,341,KZ,คาซัคสถาน,1A,ทวีปเอเชีย,0.0,0.0
2025-07,2025,7,3,337,GE,จอร์เจีย,1A,ทวีปเอเชีย,0.0,0.0
2025-08,2025,8,3,302,CN,จีน,1A,ทวีปเอเชีย,7248651594.0,67011020.0
2025-08,2025,8,3,271,MY,มาเลเซีย,1A,ทวีปเอเชีย,135831900.0,2881560.0
2025-08,2025,8,3,303,HK,ฮ่องกง,1A,ทวีปเอเชีย,27348218.0,232732.0
2025-08,2025,8,3,268,KH,กัมพูชา,1A,ทวีปเอเชีย,0.0,0.0
2025-08,2025,8,3,306,KR,เกาหลีใต้,1A,ทวีปเอเชีย,19050632.0,209880.0
2025-08,2025,8,3,309,TW,ไต้หวัน,1A,ทวีปเอเชีย,9319639.0,67213.0
2025-08,2025,8,3,373,US,สหรัฐอเมริกา,1C,ทวีปอเมริกาเหนือ,12246856.0,60569.0
2025-08,2025,8,3,304,JP,ญี่ปุ่น,1A,ทวีปเอเชีย,6246663.0,27538.0
2025-08,2025,8,3,483,AU,ออสเตรเลีย,1F,ทวีปออสเตรเลีย,7503047.0,10658.0
2025-08,2025,8,3,320,GB,สหราชอาณาจักร,1B,ทวีปยุโรป,6545567.0,14816.0
2025-08,2025,8,3,319,FR,ฝรั่งเศส,1B,ทวีปยุโรป,1572099.0,9586.0
2025-08,2025,8,3,336,CZ,สาธารณรัฐเช็ก,1B,ทวีปยุโรป,1955796.0,3727.0
2025-08,2025,8,3,285,AE,สหรัฐอาหรับเอมิเรตส์,1A,ทวีปเอเชีย,2060583.0,3775.0
2025-08,2025,8,3,325,NL,เนเธอร์แลนด์,1B,ทวีปยุโรป,2046822.0,3743.0
2025-08,2025,8,3,315,DE,เยอรมนี,1B,ทวีปยุโรป,2155972.0,5297.0
2025-08,2025,8,3,317,ES,สเปน,1B,ทวีปยุโรป,1195720.0,4449.0
2025-08,2025,8,3,497,NZ,นิวซีแลนด์,1F,ทวีปออสเตรเลีย,3739845.0,9096.0
2025-08,2025,8,3,366,NO,นอร์เวย์,1B,ทวีปยุโรป,2342712.0,4163.0
2025-08,2025,8,3,316,DK,เดนมาร์ก,1B,ทวีปยุโรป,2590866.0,4663.0
2025-08,2025,8,3,356,CH,สวิตเซอร์แลนด์,1B,ทวีปยุโรป,1872100.0,4104.0
2025-08,2025,8,3,274,VN,เวียดนาม,1A,ทวีปเอเชีย,80751.0,1260.0
2025-08,2025,8,3,270,MM,เมียนมา,1A,ทวีปเอเชีย,0.0,0.0
2025-08,2025,8,3,327,SE,สวีเดน,1B,ทวีปยุโรป,646417.0,1351.0
2025-08,2025,8,3,266,BN,บรูไน,1A,ทวีปเอเชีย,908410.0,6389.0
2025-08,2025,8,3,296,SA,ซาอุดีอาระเบีย,1A,ทวีปเอเชีย,307765.0,379.0
2025-08,2025,8,3,371,CA,แคนาดา,1C,ทวีปอเมริกาเหนือ,351969.0,561.0
2025-08,2025,8,3,269,LA,สปป. ลาว,1A,ทวีปเอเชีย,0.0,0.0
2025-08,2025,8,3,294,OM,โอมาน,1A,ทวีปเอเชีย,529409.0,721.0
2025-08,2025,8,3,322,IE,ไอร์แลนด์,1B,ทวีปยุโรป,342909.0,609.0
2025-08,2025,8,3,323,IT,อิตาลี,1B,ทวีปยุโรป,72591.0,89.0
2025-08,2025,8,3,318,FI,ฟินแลนด์,1B,ทวีปยุโรป,513754.0,667.0
2025-08,2025,8,3,286,BH,บาห์เรน,1A,ทวีปเอเชีย,205338.0,483.0
2025-08,2025,8,3,312,AT,ออสเตรีย,1B,ทวีปยุโรป,232012.0,404.0
2025-08,2025,8,3,273,SG,สิงคโปร์,1A,ทวีปเอเชีย,0.0,0.0
2025-08,2025,8,3,479,ZM,แซมเบีย,1E,ทวีปแอฟริกา,0.0,0.0
2025-08,2025,8,3,345,RU,รัสเซีย,1B,ทวีปยุโรป,63454.0,258.0
2025-08,2025,8,3,295,QA,กาตาร์,1A,ทวีปเอเชีย,190971.0,225.0
2025-08,2025,8,3,292,KW,คูเวต,1A,ทวีปเอเชีย,61785.0,81.0
2025-08,2025,8,3,281,MV,มัลดีฟส์,1A,ทวีปเอเชีย,116280.0,211.0
2025-08,2025,8,3,447,KE,เคนยา,1E,ทวีปแอฟริกา,0.0,0.0
2025-08,2025,8,3,465,SC,เซเชลส์,1E,ทวีปแอฟริกา,0.0,0.0
2025-08,2025,8,3,344,RO,โรมาเนีย,1B,ทวีปยุโรป,42501.0,60.0
2025-08,2025,8,3,277,BD,บังกลาเทศ,1A,ทวีปเอเชีย,0.0,0.0
2025-08,2025,8,3,305,KP,เกาหลีเหนือ,1A,ทวีปเอเชีย,0.0,0.0
2025-08,2025,8,3,313,BE,เบลเยียม,1B,ทวีปยุโรป,22579.0,261.0
2025-08,2025,8,3,339,HU,ฮังการี,1B,ทวีปยุโรป,0.0,0.0
2025-08,2025,8,3,360,IS,ไอซ์แลนด์,1B,ทวีปยุโรป,0.0,0.0
2025-08,2025,8,3,458,MZ,โมซัมบิก,1E,ทวีปแอฟริกา,0.0,0.0
2025-08,2025,8,3,437,EG,อียิปต์,1E,ทวีปแอฟริกา,0.0,0.0
2025-08,2025,8,3,282,NP,เนปาล,1A,ทวีปเอเชีย,3653.0,24.0
2025-08,2025,8,3,396,NI,นิการากัว,1C,ทวีปอเมริกาเหนือ,0.0,0.0
2025-08,2025,8,3,279,IN,อินเดีย,1A,ทวีปเอเชีย,0.0,0.0
2025-08,2025,8,3,341,KZ,คาซัคสถาน,1A,ทวีปเอเชีย,769.0,12.0
2025-08,2025,8,3,337,GE,จอร์เจีย,1A,ทวีปเอเชีย,641.0,48.0
2025-09,2025,9,3,302,CN,จีน,1A,ทวีปเอเชีย,1226770894.0,10340319.0
2025-09,2025,9,3,271,MY,มาเลเซีย,1A,ทวีปเอเชีย,5683000.0,106200.0
2025-09,2025,9,3,303,HK,ฮ่องกง,1A,ทวีปเอเชีย,88600.0,432.0
2025-09,2025,9,3,268,KH,กัมพูชา,1A,ทวีปเอเชีย,0.0,0.0
2025-09,2025,9,3,306,KR,เกาหลีใต้,1A,ทวีปเอเชีย,15144335.0,163282.0
2025-09,2025,9,3,309,TW,ไต้หวัน,1A,ทวีปเอเชีย,1964604.0,19446.0
2025-09,2025,9,3,373,US,สหรัฐอเมริกา,1C,ทวีปอเมริกาเหนือ,8124932.0,31481.0
2025-09,2025,9,3,304,JP,ญี่ปุ่น,1A,ทวีปเอเชีย,3092738.0,19056.0
2025-09,2025,9,3,483,AU,ออสเตรเลีย,1F,ทวีปออสเตรเลีย,2761711.0,4298.0
2025-09,2025,9,3,320,GB,สหราชอาณาจักร,1B,ทวีปยุโรป,3675977.0,7930.0
2025-09,2025,9,3,319,FR,ฝรั่งเศส,1B,ทวีปยุโรป,758254.0,2366.0
2025-09,2025,9,3,285,AE,สหรัฐอาหรับเอมิเรตส์,1A,ทวีปเอเชีย,1858355.0,3164.0
2025-09,2025,9,3,336,CZ,สาธารณรัฐเช็ก,1B,ทวีปยุโรป,1664063.0,4553.0
2025-09,2025,9,3,325,NL,เนเธอร์แลนด์,1B,ทวีปยุโรป,1607930.0,2022.0
2025-09,2025,9,3,315,DE,เยอรมนี,1B,ทวีปยุโรป,2115766.0,4353.0
2025-09,2025,9,3,497,NZ,นิวซีแลนด์,1F,ทวีปออสเตรเลีย,3786764.0,8760.0
2025-09,2025,9,3,317,ES,สเปน,1B,ทวีปยุโรป,220663.0,1357.0
2025-09,2025,9,3,366,NO,นอร์เวย์,1B,ทวีปยุโรป,1224910.0,2070.0
2025-09,2025,9,3,316,DK,เดนมาร์ก,1B,ทวีปยุโรป,1404752.0,2482.0
2025-09,2025,9,3,356,CH,สวิตเซอร์แลนด์,1B,ทวีปยุโรป,961549.0,2097.0
2025-09,2025,9,3,274,VN,เวียดนาม,1A,ทวีปเอเชีย,0.0,0.0
2025-09,2025,9,3,327,SE,สวีเดน,1B,ทวีปยุโรป,235909.0,487.0
2025-09,2025,9,3,270,MM,เมียนมา,1A,ทวีปเอเชีย,0.0,0.0
2025-09,2025,9,3,266,BN,บรูไน,1A,ทวีปเอเชีย,327981.0,2301.0
2025-09,2025,9,3,296,SA,ซาอุดีอาระเบีย,1A,ทวีปเอเชีย,276290.0,396.0
2025-09,2025,9,3,371,CA,แคนาดา,1C,ทวีปอเมริกาเหนือ,699044.0,991.0
2025-09,2025,9,3,269,LA,สปป. ลาว,1A,ทวีปเอเชีย,0.0,0.0
2025-09,2025,9,3,294,OM,โอมาน,1A,ทวีปเอเชีย,375433.0,529.0
2025-09,2025,9,3,322,IE,ไอร์แลนด์,1B,ทวีปยุโรป,352060.0,637.0
2025-09,2025,9,3,323,IT,อิตาลี,1B,ทวีปยุโรป,320981.0,591.0
2025-09,2025,9,3,318,FI,ฟินแลนด์,1B,ทวีปยุโรป,160037.0,189.0
2025-09,2025,9,3,286,BH,บาห์เรน,1A,ทวีปเอเชีย,98473.0,135.0
2025-09,2025,9,3,312,AT,ออสเตรีย,1B,ทวีปยุโรป,72725.0,104.0
2025-09,2025,9,3,273,SG,สิงคโปร์,1A,ทวีปเอเชีย,0.0,0.0
2025-09,2025,9,3,479,ZM,แซมเบีย,1E,ทวีปแอฟริกา,0.0,0.0
2025-09,2025,9,3,345,RU,รัสเซีย,1B,ทวีปยุโรป,53383.0,231.0
2025-09,2025,9,3,292,KW,คูเวต,1A,ทวีปเอเชีย,102759.0,134.0
2025-09,2025,9,3,295,QA,กาตาร์,1A,ทวีปเอเชีย,71998.0,86.0
2025-09,2025,9,3,281,MV,มัลดีฟส์,1A,ทวีปเอเชีย,81036.0,150.0
2025-09,2025,9,3,447,KE,เคนยา,1E,ทวีปแอฟริกา,0.0,0.0
2025-09,2025,9,3,465,SC,เซเชลส์,1E,ทวีปแอฟริกา,17452.0,20.0
2025-09,2025,9,3,344,RO,โรมาเนีย,1B,ทวีปยุโรป,0.0,0.0
2025-09,2025,9,3,277,BD,บังกลาเทศ,1A,ทวีปเอเชีย,0.0,0.0
2025-09,2025,9,3,313,BE,เบลเยียม,1B,ทวีปยุโรป,22562.0,219.0
2025-09,2025,9,3,305,KP,เกาหลีเหนือ,1A,ทวีปเอเชีย,0.0,0.0
2025-09,2025,9,3,339,HU,ฮังการี,1B,ทวีปยุโรป,6015.0,7.0
2025-09,2025,9,3,360,IS,ไอซ์แลนด์,1B,ทวีปยุโรป,0.0,0.0
2025-09,2025,9,3,458,MZ,โมซัมบิก,1E,ทวีปแอฟริกา,0.0,0.0
2025-09,2025,9,3,326,PT,โปรตุเกส,1B,ทวีปยุโรป,57000.0,570.0
2025-09,2025,9,3,437,EG,อียิปต์,1E,ทวีปแอฟริกา,0.0,0.0
2025-09,2025,9,3,282,NP,เนปาล,1A,ทวีปเอเชีย,0.0,0.0
2025-09,2025,9,3,396,NI,นิการากัว,1C,ทวีปอเมริกาเหนือ,0.0,0.0
2025-09,2025,9,3,279,IN,อินเดีย,1A,ทวีปเอเชีย,0.0,0.0
2025-09,2025,9,3,341,KZ,คาซัคสถาน,1A,ทวีปเอเชีย,0.0,0.0
2025-09,2025,9,3,337,GE,จอร์เจีย,1A,ทวีปเอเชีย,0.0,0.0
2025-10,2025,10,4,302,CN,จีน,1A,ทวีปเอเชีย,906003384.0,7131545.0
2025-10,2025,10,4,271,MY,มาเลเซีย,1A,ทวีปเอเชีย,0.0,0.0
2025-10,2025,10,4,303,HK,ฮ่องกง,1A,ทวีปเอเชีย,97500.0,1300.0
2025-10,2025,10,4,268,KH,กัมพูชา,1A,ทวีปเอเชีย,0.0,0.0
2025-10,2025,10,4,306,KR,เกาหลีใต้,1A,ทวีปเอเชีย,5462094.0,53343.0
2025-10,2025,10,4,309,TW,ไต้หวัน,1A,ทวีปเอเชีย,101236.0,753.0
2025-10,2025,10,4,373,US,สหรัฐอเมริกา,1C,ทวีปอเมริกาเหนือ,7274448.0,24626.0
2025-10,2025,10,4,304,JP,ญี่ปุ่น,1A,ทวีปเอเชีย,2855446.0,11167.0
2025-10,2025,10,4,483,AU,ออสเตรเลีย,1F,ทวีปออสเตรเลีย,965307.0,2040.0
2025-10,2025,10,4,320,GB,สหราชอาณาจักร,1B,ทวีปยุโรป,2314021.0,4908.0
2025-10,2025,10,4,319,FR,ฝรั่งเศส,1B,ทวีปยุโรป,359054.0,1422.0
2025-10,2025,10,4,285,AE,สหรัฐอาหรับเอมิเรตส์,1A,ทวีปเอเชีย,1596100.0,2648.0
2025-10,2025,10,4,336,CZ,สาธารณรัฐเช็ก,1B,ทวีปยุโรป,999156.0,3112.0
2025-10,2025,10,4,325,NL,เนเธอร์แลนด์,1B,ทวีปยุโรป,1182268.0,1377.0
2025-10,2025,10,4,315,DE,เยอรมนี,1B,ทวีปยุโรป,1789094.0,3431.0
2025-10,2025,10,4,497,NZ,นิวซีแลนด์,1F,ทวีปออสเตรเลีย,683157.0,1572.0
2025-10,2025,10,4,317,ES,สเปน,1B,ทวีปยุโรป,98941.0,735.0
2025-10,2025,10,4,366,NO,นอร์เวย์,1B,ทวีปยุโรป,711456.0,1186.0
2025-10,2025,10,4,316,DK,เดนมาร์ก,1B,ทวีปยุโรป,791082.0,1350.0
2025-10,2025,10,4,356,CH,สวิตเซอร์แลนด์,1B,ทวีปยุโรป,636280.0,1280.0
2025-10,2025,10,4,274,VN,เวียดนาม,1A,ทวีปเอเชีย,0.0,0.0
2025-10,2025,10,4,327,SE,สวีเดน,1B,ทวีปยุโรป,76128.0,213.0
2025-10,2025,10,4,270,MM,เมียนมา,1A,ทวีปเอเชีย,7200.0,30.0
2025-10,2025,10,4,266,BN,บรูไน,1A,ทวีปเอเชีย,34354.0,291.0
2025-10,2025,10,4,296,SA,ซาอุดีอาระเบีย,1A,ทวีปเอเชีย,194469.0,284.0
2025-10,2025,10,4,371,CA,แคนาดา,1C,ทวีปอเมริกาเหนือ,170653.0,257.0
2025-10,2025,10,4,294,OM,โอมาน,1A,ทวีปเอเชีย,192856.0,266.0
2025-10,2025,10,4,269,LA,สปป. ลาว,1A,ทวีปเอเชีย,0.0,0.0
2025-10,2025,10,4,322,IE,ไอร์แลนด์,1B,ทวีปยุโรป,185583.0,388.0
2025-10,2025,10,4,323,IT,อิตาลี,1B,ทวีปยุโรป,264096.0,347.0
2025-10,2025,10,4,318,FI,ฟินแลนด์,1B,ทวีปยุโรป,219390.0,281.0
2025-10,2025,10,4,286,BH,บาห์เรน,1A,ทวีปเอเชีย,77583.0,105.0
2025-10,2025,10,4,312,AT,ออสเตรีย,1B,ทวีปยุโรป,0.0,0.0
2025-10,2025,10,4,273,SG,สิงคโปร์,1A,ทวีปเอเชีย,0.0,0.0
2025-10,2025,10,4,479,ZM,แซมเบีย,1E,ทวีปแอฟริกา,0.0,0.0
2025-10,2025,10,4,345,RU,รัสเซีย,1B,ทวีปยุโรป,32785.0,171.0
2025-10,2025,10,4,292,KW,คูเวต,1A,ทวีปเอเชีย,70571.0,81.0
2025-10,2025,10,4,295,QA,กาตาร์,1A,ทวีปเอเชีย,53952.0,64.0
2025-10,2025,10,4,281,MV,มัลดีฟส์,1A,ทวีปเอเชีย,20024.0,48.0
2025-10,2025,10,4,447,KE,เคนยา,1E,ทวีปแอฟริกา,54436.0,176.0
2025-10,2025,10,4,465,SC,เซเชลส์,1E,ทวีปแอฟริกา,0.0,0.0
2025-10,2025,10,4,344,RO,โรมาเนีย,1B,ทวีปยุโรป,0.0,0.0
2025-10,2025,10,4,277,BD,บังกลาเทศ,1A,ทวีปเอเชีย,0.0,0.0
2025-10,2025,10,4,313,BE,เบลเยียม,1B,ทวีปยุโรป,10403.0,98.0
2025-10,2025,10,4,305,KP,เกาหลีเหนือ,1A,ทวีปเอเชีย,0.0,0.0
2025-10,2025,10,4,339,HU,ฮังการี,1B,ทวีปยุโรป,12399.0,14.0
2025-10,2025,10,4,360,IS,ไอซ์แลนด์,1B,ทวีปยุโรป,0.0,0.0
2025-10,2025,10,4,458,MZ,โมซัมบิก,1E,ทวีปแอฟริกา,0.0,0.0
2025-10,2025,10,4,326,PT,โปรตุเกส,1B,ทวีปยุโรป,0.0,0.0
2025-10,2025,10,4,437,EG,อียิปต์,1E,ทวีปแอฟริกา,0.0,0.0
2025-10,2025,10,4,282,NP,เนปาล,1A,ทวีปเอเชีย,0.0,0.0
2025-10,2025,10,4,341,KZ,คาซัคสถาน,1A,ทวีปเอเชีย,5758.0,32.0
2025-10,2025,10,4,279,IN,อินเดีย,1A,ทวีปเอเชีย,1405.0,84.0
2025-10,2025,10,4,396,NI,นิการากัว,1C,ทวีปอเมริกาเหนือ,0.0,0.0
2025-10,2025,10,4,337,GE,จอร์เจีย,1A,ทวีปเอเชีย,0.0,0.0
2025-11,2025,11,4,302,CN,จีน,1A,ทวีปเอเชีย,835690408.0,5413758.0
2025-11,2025,11,4,271,MY,มาเลเซีย,1A,ทวีปเอเชีย,0.0,0.0
2025-11,2025,11,4,303,HK,ฮ่องกง,1A,ทวีปเอเชีย,0.0,0.0
2025-11,2025,11,4,268,KH,กัมพูชา,1A,ทวีปเอเชีย,0.0,0.0
2025-11,2025,11,4,306,KR,เกาหลีใต้,1A,ทวีปเอเชีย,7316932.0,44804.0
2025-11,2025,11,4,309,TW,ไต้หวัน,1A,ทวีปเอเชีย,148994.0,1368.0
2025-11,2025,11,4,373,US,สหรัฐอเมริกา,1C,ทวีปอเมริกาเหนือ,5739527.0,21047.0
2025-11,2025,11,4,304,JP,ญี่ปุ่น,1A,ทวีปเอเชีย,2887609.0,10140.0
2025-11,2025,11,4,320,GB,สหราชอาณาจักร,1B,ทวีปยุโรป,2332766.0,5530.0
2025-11,2025,11,4,483,AU,ออสเตรเลีย,1F,ทวีปออสเตรเลีย,125221.0,252.0
2025-11,2025,11,4,319,FR,ฝรั่งเศส,1B,ทวีปยุโรป,307569.0,1620.0
2025-11,2025,11,4,285,AE,สหรัฐอาหรับเอมิเรตส์,1A,ทวีปเอเชีย,1912966.0,2885.0
2025-11,2025,11,4,336,CZ,สาธารณรัฐเช็ก,1B,ทวีปยุโรป,1083254.0,2273.0
2025-11,2025,11,4,325,NL,เนเธอร์แลนด์,1B,ทวีปยุโรป,413565.0,436.0
2025-11,2025,11,4,315,DE,เยอรมนี,1B,ทวีปยุโรป,807624.0,1775.0
2025-11,2025,11,4,497,NZ,นิวซีแลนด์,1F,ทวีปออสเตรเลีย,149423.0,180.0
2025-11,2025,11,4,317,ES,สเปน,1B,ทวีปยุโรป,119811.0,360.0
2025-11,2025,11,4,366,NO,นอร์เวย์,1B,ทวีปยุโรป,407516.0,694.0
2025-11,2025,11,4,316,DK,เดนมาร์ก,1B,ทวีปยุโรป,694026.0,1008.0
2025-11,2025,11,4,356,CH,สวิตเซอร์แลนด์,1B,ทวีปยุโรป,483186.0,923.0
2025-11,2025,11,4,274,VN,เวียดนาม,1A,ทวีปเอเชีย,16866.0,200.0
2025-11,2025,11,4,327,SE,สวีเดน,1B,ทวีปยุโรป,25613.0,85.0
2025-11,2025,11,4,270,MM,เมียนมา,1A,ทวีปเอเชีย,0.0,0.0
2025-11,2025,11,4,296,SA,ซาอุดีอาระเบีย,1A,ทวีปเอเชีย,265229.0,363.0
2025-11,2025,11,4,266,BN,บรูไน,1A,ทวีปเอเชีย,0.0,0.0
2025-11,2025,11,4,371,CA,แคนาดา,1C,ทวีปอเมริกาเหนือ,74003.0,126.0
2025-11,2025,11,4,294,OM,โอมาน,1A,ทวีปเอเชีย,168677.0,218.0
2025-11,2025,11,4,269,LA,สปป. ลาว,1A,ทวีปเอเชีย,0.0,0.0
2025-11,2025,11,4,322,IE,ไอร์แลนด์,1B,ทวีปยุโรป,196924.0,366.0
2025-11,2025,11,4,323,IT,อิตาลี,1B,ทวีปยุโรป,124415.0,239.0
2025-11,2025,11,4,318,FI,ฟินแลนด์,1B,ทวีปยุโรป,21490.0,20.0
2025-11,2025,11,4,286,BH,บาห์เรน,1A,ทวีปเอเชีย,108141.0,135.0
2025-11,2025,11,4,312,AT,ออสเตรีย,1B,ทวีปยุโรป,0.0,0.0
2025-11,2025,11,4,273,SG,สิงคโปร์,1A,ทวีปเอเชีย,0.0,0.0
2025-11,2025,11,4,479,ZM,แซมเบีย,1E,ทวีปแอฟริกา,0.0,0.0
2025-11,2025,11,4,292,KW,คูเวต,1A,ทวีปเอเชีย,108476.0,147.0
2025-11,2025,11,4,345,RU,รัสเซีย,1B,ทวีปยุโรป,11281.0,61.0
2025-11,2025,11,4,295,QA,กาตาร์,1A,ทวีปเอเชีย,83099.0,97.0
2025-11,2025,11,4,281,MV,มัลดีฟส์,1A,ทวีปเอเชีย,56958.0,83.0
2025-11,2025,11,4,447,KE,เคนยา,1E,ทวีปแอฟริกา,0.0,0.0
2025-11,2025,11,4,465,SC,เซเชลส์,1E,ทวีปแอฟริกา,0.0,0.0
2025-11,2025,11,4,344,RO,โรมาเนีย,1B,ทวีปยุโรป,0.0,0.0
2025-11,2025,11,4,277,BD,บังกลาเทศ,1A,ทวีปเอเชีย,0.0,0.0
2025-11,2025,11,4,313,BE,เบลเยียม,1B,ทวีปยุโรป,5927.0,63.0
2025-11,2025,11,4,305,KP,เกาหลีเหนือ,1A,ทวีปเอเชีย,0.0,0.0
2025-11,2025,11,4,339,HU,ฮังการี,1B,ทวีปยุโรป,0.0,0.0
2025-11,2025,11,4,360,IS,ไอซ์แลนด์,1B,ทวีปยุโรป,0.0,0.0
2025-11,2025,11,4,458,MZ,โมซัมบิก,1E,ทวีปแอฟริกา,0.0,0.0
2025-11,2025,11,4,326,PT,โปรตุเกส,1B,ทวีปยุโรป,0.0,0.0
2025-11,2025,11,4,437,EG,อียิปต์,1E,ทวีปแอฟริกา,0.0,0.0
2025-11,2025,11,4,282,NP,เนปาล,1A,ทวีปเอเชีย,0.0,0.0
2025-11,2025,11,4,341,KZ,คาซัคสถาน,1A,ทวีปเอเชีย,0.0,0.0
2025-11,2025,11,4,279,IN,อินเดีย,1A,ทวีปเอเชีย,0.0,0.0
2025-11,2025,11,4,396,NI,นิการากัว,1C,ทวีปอเมริกาเหนือ,0.0,0.0
2025-11,2025,11,4,337,GE,จอร์เจีย,1A,ทวีปเอเชีย,0.0,0.0
2025-12,2025,12,4,302,CN,จีน,1A,ทวีปเอเชีย,3925556568.0,26133378.0
2025-12,2025,12,4,271,MY,มาเลเซีย,1A,ทวีปเอเชีย,0.0,0.0
2025-12,2025,12,4,303,HK,ฮ่องกง,1A,ทวีปเอเชีย,0.0,0.0
2025-12,2025,12,4,268,KH,กัมพูชา,1A,ทวีปเอเชีย,0.0,0.0
2025-12,2025,12,4,306,KR,เกาหลีใต้,1A,ทวีปเอเชีย,4862817.0,35354.0
2025-12,2025,12,4,309,TW,ไต้หวัน,1A,ทวีปเอเชีย,510574.0,3610.0
2025-12,2025,12,4,373,US,สหรัฐอเมริกา,1C,ทวีปอเมริกาเหนือ,6427312.0,30781.0
2025-12,2025,12,4,304,JP,ญี่ปุ่น,1A,ทวีปเอเชีย,2205558.0,10548.0
2025-12,2025,12,4,320,GB,สหราชอาณาจักร,1B,ทวีปยุโรป,1719673.0,4689.0
2025-12,2025,12,4,483,AU,ออสเตรเลีย,1F,ทวีปออสเตรเลีย,344651.0,585.0
2025-12,2025,12,4,319,FR,ฝรั่งเศส,1B,ทวีปยุโรป,334862.0,2266.0
2025-12,2025,12,4,285,AE,สหรัฐอาหรับเอมิเรตส์,1A,ทวีปเอเชีย,2079060.0,3088.0
2025-12,2025,12,4,336,CZ,สาธารณรัฐเช็ก,1B,ทวีปยุโรป,1022174.0,2031.0
2025-12,2025,12,4,315,DE,เยอรมนี,1B,ทวีปยุโรป,663504.0,1956.0
2025-12,2025,12,4,325,NL,เนเธอร์แลนด์,1B,ทวีปยุโรป,0.0,0.0
2025-12,2025,12,4,497,NZ,นิวซีแลนด์,1F,ทวีปออสเตรเลีย,392802.0,1212.0
2025-12,2025,12,4,317,ES,สเปน,1B,ทวีปยุโรป,501378.0,4230.0
2025-12,2025,12,4,366,NO,นอร์เวย์,1B,ทวีปยุโรป,297738.0,500.0
2025-12,2025,12,4,316,DK,เดนมาร์ก,1B,ทวีปยุโรป,391069.0,655.0
2025-12,2025,12,4,356,CH,สวิตเซอร์แลนด์,1B,ทวีปยุโรป,225879.0,568.0
2025-12,2025,12,4,274,VN,เวียดนาม,1A,ทวีปเอเชีย,6439.0,100.0
2025-12,2025,12,4,327,SE,สวีเดน,1B,ทวีปยุโรป,7020.0,34.0
2025-12,2025,12,4,270,MM,เมียนมา,1A,ทวีปเอเชีย,0.0,0.0
2025-12,2025,12,4,296,SA,ซาอุดีอาระเบีย,1A,ทวีปเอเชีย,211920.0,363.0
2025-12,2025,12,4,266,BN,บรูไน,1A,ทวีปเอเชีย,68372.0,394.0
2025-12,2025,12,4,371,CA,แคนาดา,1C,ทวีปอเมริกาเหนือ,25117.0,48.0
2025-12,2025,12,4,294,OM,โอมาน,1A,ทวีปเอเชีย,279230.0,353.0
2025-12,2025,12,4,322,IE,ไอร์แลนด์,1B,ทวีปยุโรป,253922.0,432.0
2025-12,2025,12,4,269,LA,สปป. ลาว,1A,ทวีปเอเชีย,0.0,0.0
2025-12,2025,12,4,323,IT,อิตาลี,1B,ทวีปยุโรป,143935.0,238.0
2025-12,2025,12,4,318,FI,ฟินแลนด์,1B,ทวีปยุโรป,22084.0,20.0
2025-12,2025,12,4,286,BH,บาห์เรน,1A,ทวีปเอเชีย,80562.0,100.0
2025-12,2025,12,4,312,AT,ออสเตรีย,1B,ทวีปยุโรป,0.0,0.0
2025-12,2025,12,4,292,KW,คูเวต,1A,ทวีปเอเชีย,114434.0,157.0
2025-12,2025,12,4,273,SG,สิงคโปร์,1A,ทวีปเอเชีย,0.0,0.0
2025-12,2025,12,4,479,ZM,แซมเบีย,1E,ทวีปแอฟริกา,0.0,0.0
2025-12,2025,12,4,295,QA,กาตาร์,1A,ทวีปเอเชีย,66596.0,91.0
2025-12,2025,12,4,345,RU,รัสเซีย,1B,ทวีปยุโรป,22438.0,123.0
2025-12,2025,12,4,281,MV,มัลดีฟส์,1A,ทวีปเอเชีย,52360.0,78.0
2025-12,2025,12,4,447,KE,เคนยา,1E,ทวีปแอฟริกา,0.0,0.0
2025-12,2025,12,4,465,SC,เซเชลส์,1E,ทวีปแอฟริกา,0.0,0.0
2025-12,2025,12,4,344,RO,โรมาเนีย,1B,ทวีปยุโรป,0.0,0.0
2025-12,2025,12,4,313,BE,เบลเยียม,1B,ทวีปยุโรป,3708.0,40.0
2025-12,2025,12,4,277,BD,บังกลาเทศ,1A,ทวีปเอเชีย,0.0,0.0
2025-12,2025,12,4,326,PT,โปรตุเกส,1B,ทวีปยุโรป,63000.0,630.0
2025-12,2025,12,4,305,KP,เกาหลีเหนือ,1A,ทวีปเอเชีย,0.0,0.0
2025-12,2025,12,4,339,HU,ฮังการี,1B,ทวีปยุโรป,0.0,0.0
2025-12,2025,12,4,360,IS,ไอซ์แลนด์,1B,ทวีปยุโรป,0.0,0.0
2025-12,2025,12,4,458,MZ,โมซัมบิก,1E,ทวีปแอฟริกา,0.0,0.0
2025-12,2025,12,4,437,EG,อียิปต์,1E,ทวีปแอฟริกา,0.0,0.0
2025-12,2025,12,4,282,NP,เนปาล,1A,ทวีปเอเชีย,0.0,0.0
2025-12,2025,12,4,341,KZ,คาซัคสถาน,1A,ทวีปเอเชีย,1738.0,12.0
2025-12,2025,12,4,279,IN,อินเดีย,1A,ทวีปเอเชีย,3541.0,240.0
2025-12,2025,12,4,396,NI,นิการากัว,1C,ทวีปอเมริกาเหนือ,0.0,0.0
2025-12,2025,12,4,337,GE,จอร์เจีย,1A,ทวีปเอเชีย,386.0,36.0
2026-01,2026,1,1,302,CN,จีน,1A,ทวีปเอเชีย,6640538024.0,48496966.0
2026-01,2026,1,1,271,MY,มาเลเซีย,1A,ทวีปเอเชีย,18881000.0,361400.0
2026-01,2026,1,1,373,US,สหรัฐอเมริกา,1C,ทวีปอเมริกาเหนือ,3473420.0,23096.0
2026-01,2026,1,1,306,KR,เกาหลีใต้,1A,ทวีปเอเชีย,2301416.0,24689.0
2026-01,2026,1,1,285,AE,สหรัฐอาหรับเอมิเรตส์,1A,ทวีปเอเชีย,1901599.0,3495.0
2026-01,2026,1,1,274,VN,เวียดนาม,1A,ทวีปเอเชีย,1895250.0,19950.0
2026-01,2026,1,1,304,JP,ญี่ปุ่น,1A,ทวีปเอเชีย,1805302.0,9282.0
2026-01,2026,1,1,320,GB,สหราชอาณาจักร,1B,ทวีปยุโรป,1257120.0,2653.0
2026-01,2026,1,1,303,HK,ฮ่องกง,1A,ทวีปเอเชีย,1226660.0,7401.0
2026-01,2026,1,1,336,CZ,สาธารณรัฐเช็ก,1B,ทวีปยุโรป,1039930.0,1838.0
2026-01,2026,1,1,315,DE,เยอรมนี,1B,ทวีปยุโรป,872366.0,1718.0
2026-01,2026,1,1,356,CH,สวิตเซอร์แลนด์,1B,ทวีปยุโรป,503206.0,1098.0
2026-01,2026,1,1,497,NZ,นิวซีแลนด์,1F,ทวีปออสเตรเลีย,468295.0,504.0
2026-01,2026,1,1,309,TW,ไต้หวัน,1A,ทวีปเอเชีย,404850.0,2796.0
2026-01,2026,1,1,319,FR,ฝรั่งเศส,1B,ทวีปยุโรป,371883.0,2568.0
2026-01,2026,1,1,316,DK,เดนมาร์ก,1B,ทวีปยุโรป,351089.0,569.0
2026-01,2026,1,1,323,IT,อิตาลี,1B,ทวีปยุโรป,298308.0,758.0
2026-01,2026,1,1,366,NO,นอร์เวย์,1B,ทวีปยุโรป,274957.0,483.0
2026-01,2026,1,1,296,SA,ซาอุดีอาระเบีย,1A,ทวีปเอเชีย,264943.0,328.0
2026-01,2026,1,1,294,OM,โอมาน,1A,ทวีปเอเชีย,181481.0,237.0
2026-01,2026,1,1,292,KW,คูเวต,1A,ทวีปเอเชีย,152633.0,222.0
2026-01,2026,1,1,317,ES,สเปน,1B,ทวีปยุโรป,144000.0,1440.0
2026-01,2026,1,1,322,IE,ไอร์แลนด์,1B,ทวีปยุโรป,115112.0,203.0
2026-01,2026,1,1,286,BH,บาห์เรน,1A,ทวีปเอเชีย,84577.0,106.0
2026-01,2026,1,1,295,QA,กาตาร์,1A,ทวีปเอเชีย,77943.0,95.0
2026-01,2026,1,1,326,PT,โปรตุเกส,1B,ทวีปยุโรป,60000.0,600.0
2026-01,2026,1,1,266,BN,บรูไน,1A,ทวีปเอเชีย,58566.0,409.0
2026-01,2026,1,1,281,MV,มัลดีฟส์,1A,ทวีปเอเชีย,52231.0,97.0
2026-01,2026,1,1,327,SE,สวีเดน,1B,ทวีปยุโรป,17556.0,36.0
2026-01,2026,1,1,345,RU,รัสเซีย,1B,ทวีปยุโรป,9099.0,55.0
2026-01,2026,1,1,447,KE,เคนยา,1E,ทวีปแอฟริกา,7842.0,210.0
2026-01,2026,1,1,313,BE,เบลเยียม,1B,ทวีปยุโรป,5453.0,60.0
2026-01,2026,1,1,371,CA,แคนาดา,1C,ทวีปอเมริกาเหนือ,3639.0,12.0
2026-02,2026,2,1,302,CN,จีน,1A,ทวีปเอเชีย,4750568751.0,33321540.0
2026-02,2026,2,1,271,MY,มาเลเซีย,1A,ทวีปเอเชีย,11989000.0,235000.0
2026-02,2026,2,1,274,VN,เวียดนาม,1A,ทวีปเอเชีย,10635151.0,113540.0
2026-02,2026,2,1,373,US,สหรัฐอเมริกา,1C,ทวีปอเมริกาเหนือ,4519225.0,27651.0
2026-02,2026,2,1,306,KR,เกาหลีใต้,1A,ทวีปเอเชีย,5095758.0,34339.0
2026-02,2026,2,1,285,AE,สหรัฐอาหรับเอมิเรตส์,1A,ทวีปเอเชีย,1652615.0,2709.0
2026-02,2026,2,1,320,GB,สหราชอาณาจักร,1B,ทวีปยุโรป,2216751.0,4265.0
2026-02,2026,2,1,304,JP,ญี่ปุ่น,1A,ทวีปเอเชีย,1519124.0,6006.0
2026-02,2026,2,1,483,AU,ออสเตรเลีย,1F,ทวีปออสเตรเลีย,2082927.0,3452.0
2026-02,2026,2,1,336,CZ,สาธารณรัฐเช็ก,1B,ทวีปยุโรป,933378.0,1805.0
2026-02,2026,2,1,497,NZ,นิวซีแลนด์,1F,ทวีปออสเตรเลีย,1473678.0,2468.0
2026-02,2026,2,1,315,DE,เยอรมนี,1B,ทวีปยุโรป,1032925.0,1986.0
2026-02,2026,2,1,356,CH,สวิตเซอร์แลนด์,1B,ทวีปยุโรป,794092.0,1516.0
2026-02,2026,2,1,303,HK,ฮ่องกง,1A,ทวีปเอเชีย,10805.0,114.0
2026-02,2026,2,1,309,TW,ไต้หวัน,1A,ทวีปเอเชีย,662616.0,3519.0
2026-02,2026,2,1,319,FR,ฝรั่งเศส,1B,ทวีปยุโรป,507894.0,5149.0
2026-02,2026,2,1,316,DK,เดนมาร์ก,1B,ทวีปยุโรป,380747.0,616.0
2026-02,2026,2,1,323,IT,อิตาลี,1B,ทวีปยุโรป,354142.0,432.0
2026-02,2026,2,1,366,NO,นอร์เวย์,1B,ทวีปยุโรป,345978.0,594.0
2026-02,2026,2,1,296,SA,ซาอุดีอาระเบีย,1A,ทวีปเอเชีย,261355.0,367.0
2026-02,2026,2,1,294,OM,โอมาน,1A,ทวีปเอเชีย,303960.0,428.0
2026-02,2026,2,1,322,IE,ไอร์แลนด์,1B,ทวีปยุโรป,195862.0,350.0
2026-02,2026,2,1,292,KW,คูเวต,1A,ทวีปเอเชีย,140900.0,218.0
2026-02,2026,2,1,371,CA,แคนาดา,1C,ทวีปอเมริกาเหนือ,270690.0,540.0
2026-02,2026,2,1,286,BH,บาห์เรน,1A,ทวีปเอเชีย,129178.0,215.0
2026-02,2026,2,1,317,ES,สเปน,1B,ทวีปยุโรป,54873.0,180.0
2026-02,2026,2,1,318,FI,ฟินแลนด์,1B,ทวีปยุโรป,172678.0,240.0
2026-02,2026,2,1,295,QA,กาตาร์,1A,ทวีปเอเชีย,81862.0,100.0
2026-02,2026,2,1,281,MV,มัลดีฟส์,1A,ทวีปเอเชีย,70862.0,120.0
2026-02,2026,2,1,325,NL,เนเธอร์แลนด์,1B,ทวีปยุโรป,116558.0,120.0
2026-02,2026,2,1,327,SE,สวีเดน,1B,ทวีปยุโรป,46958.0,85.0
2026-02,2026,2,1,326,PT,โปรตุเกส,1B,ทวีปยุโรป,0.0,0.0
2026-02,2026,2,1,266,BN,บรูไน,1A,ทวีปเอเชีย,0.0,0.0
2026-02,2026,2,1,345,RU,รัสเซีย,1B,ทวีปยุโรป,10223.0,67.0
2026-02,2026,2,1,447,KE,เคนยา,1E,ทวีปแอฟริกา,11315.0,300.0
2026-02,2026,2,1,279,IN,อินเดีย,1A,ทวีปเอเชีย,10800.0,12.0
2026-02,2026,2,1,341,KZ,คาซัคสถาน,1A,ทวีปเอเชีย,10155.0,47.0
2026-02,2026,2,1,313,BE,เบลเยียม,1B,ทวีปยุโรป,4226.0,47.0
2026-02,2026,2,1,337,GE,จอร์เจีย,1A,ทวีปเอเชีย,4706.0,8.0
2026-02,2026,2,1,277,BD,บังกลาเทศ,1A,ทวีปเอเชีย,3256.0,5.0
2026-02,2026,2,1,352,UZ,อุซเบกิสถาน,1A,ทวีปเอเชีย,1116.0,40.0
2026-03,2026,3,1,302,CN,จีน,1A,ทวีปเอเชีย,2676551249.0,18625686.0
2026-03,2026,3,1,271,MY,มาเลเซีย,1A,ทวีปเอเชีย,5800000.0,97200.0
2026-03,2026,3,1,303,HK,ฮ่องกง,1A,ทวีปเอเชีย,27278897.0,183095.0
2026-03,2026,3,1,274,VN,เวียดนาม,1A,ทวีปเอเชีย,3457195.0,36978.0
2026-03,2026,3,1,373,US,สหรัฐอเมริกา,1C,ทวีปอเมริกาเหนือ,1895350.0,10653.0
2026-03,2026,3,1,306,KR,เกาหลีใต้,1A,ทวีปเอเชีย,2356032.0,22790.0
2026-03,2026,3,1,309,TW,ไต้หวัน,1A,ทวีปเอเชีย,6693047.0,29099.0
2026-03,2026,3,1,320,GB,สหราชอาณาจักร,1B,ทวีปยุโรป,1810937.0,2313.0
2026-03,2026,3,1,304,JP,ญี่ปุ่น,1A,ทวีปเอเชีย,1932249.0,7034.0
2026-03,2026,3,1,285,AE,สหรัฐอาหรับเอมิเรตส์,1A,ทวีปเอเชีย,704826.0,1337.0
2026-03,2026,3,1,315,DE,เยอรมนี,1B,ทวีปยุโรป,2023645.0,3575.0
2026-03,2026,3,1,483,AU,ออสเตรเลีย,1F,ทวีปออสเตรเลีย,1087755.0,1739.0
2026-03,2026,3,1,336,CZ,สาธารณรัฐเช็ก,1B,ทวีปยุโรป,626774.0,1054.0
2026-03,2026,3,1,356,CH,สวิตเซอร์แลนด์,1B,ทวีปยุโรป,848387.0,1950.0
2026-03,2026,3,1,497,NZ,นิวซีแลนด์,1F,ทวีปออสเตรเลีย,72751.0,84.0
2026-03,2026,3,1,325,NL,เนเธอร์แลนด์,1B,ทวีปยุโรป,1332235.0,1416.0
2026-03,2026,3,1,319,FR,ฝรั่งเศส,1B,ทวีปยุโรป,567917.0,7652.0
2026-03,2026,3,1,316,DK,เดนมาร์ก,1B,ทวีปยุโรป,651154.0,1051.0
2026-03,2026,3,1,323,IT,อิตาลี,1B,ทวีปยุโรป,497051.0,903.0
2026-03,2026,3,1,366,NO,นอร์เวย์,1B,ทวีปยุโรป,452602.0,700.0
2026-03,2026,3,1,296,SA,ซาอุดีอาระเบีย,1A,ทวีปเอเชีย,144276.0,232.0
2026-03,2026,3,1,294,OM,โอมาน,1A,ทวีปเอเชีย,41572.0,56.0
2026-03,2026,3,1,371,CA,แคนาดา,1C,ทวีปอเมริกาเหนือ,66415.0,147.0
2026-03,2026,3,1,322,IE,ไอร์แลนด์,1B,ทวีปยุโรป,23327.0,40.0
2026-03,2026,3,1,317,ES,สเปน,1B,ทวีปยุโรป,115980.0,120.0
2026-03,2026,3,1,292,KW,คูเวต,1A,ทวีปเอเชีย,0.0,0.0
2026-03,2026,3,1,286,BH,บาห์เรน,1A,ทวีปเอเชีย,38144.0,55.0
2026-03,2026,3,1,295,QA,กาตาร์,1A,ทวีปเอเชีย,43468.0,63.0
2026-03,2026,3,1,281,MV,มัลดีฟส์,1A,ทวีปเอเชีย,57405.0,104.0
2026-03,2026,3,1,318,FI,ฟินแลนด์,1B,ทวีปยุโรป,0.0,0.0
2026-03,2026,3,1,478,ZA,แอฟริกาใต้,1E,ทวีปแอฟริกา,93042.0,410.0
2026-03,2026,3,1,327,SE,สวีเดน,1B,ทวีปยุโรป,22985.0,82.0
2026-03,2026,3,1,266,BN,บรูไน,1A,ทวีปเอเชีย,16219.0,106.0
2026-03,2026,3,1,326,PT,โปรตุเกส,1B,ทวีปยุโรป,0.0,0.0
2026-03,2026,3,1,345,RU,รัสเซีย,1B,ทวีปยุโรป,9035.0,51.0
2026-03,2026,3,1,447,KE,เคนยา,1E,ทวีปแอฟริกา,0.0,0.0
2026-03,2026,3,1,341,KZ,คาซัคสถาน,1A,ทวีปเอเชีย,7857.0,25.0
2026-03,2026,3,1,313,BE,เบลเยียม,1B,ทวีปยุโรป,7449.0,82.0
2026-03,2026,3,1,312,AT,ออสเตรีย,1B,ทวีปยุโรป,11115.0,15.0
2026-03,2026,3,1,337,GE,จอร์เจีย,1A,ทวีปเอเชีย,6226.0,10.0
2026-03,2026,3,1,279,IN,อินเดีย,1A,ทวีปเอเชีย,0.0,0.0
2026-03,2026,3,1,277,BD,บังกลาเทศ,1A,ทวีปเอเชีย,0.0,0.0
2026-03,2026,3,1,352,UZ,อุซเบกิสถาน,1A,ทวีปเอเชีย,0.0,0.0
2026-04,2026,4,2,302,CN,จีน,1A,ทวีปเอเชีย,36894543402.0,273042810.0
2026-04,2026,4,2,303,HK,ฮ่องกง,1A,ทวีปเอเชีย,259022233.0,1855238.0
2026-04,2026,4,2,309,TW,ไต้หวัน,1A,ทวีปเอเชีย,78662495.0,712271.0
2026-04,2026,4,2,271,MY,มาเลเซีย,1A,ทวีปเอเชีย,20352000.0,393300.0
2026-04,2026,4,2,306,KR,เกาหลีใต้,1A,ทวีปเอเชีย,21004968.0,162862.0
2026-04,2026,4,2,274,VN,เวียดนาม,1A,ทวีปเอเชีย,9123475.0,86041.0
2026-04,2026,4,2,373,US,สหรัฐอเมริกา,1C,ทวีปอเมริกาเหนือ,10186000.0,41605.0
2026-04,2026,4,2,304,JP,ญี่ปุ่น,1A,ทวีปเอเชีย,10323946.0,43830.0
2026-04,2026,4,2,320,GB,สหราชอาณาจักร,1B,ทวีปยุโรป,3016835.0,6726.0
2026-04,2026,4,2,483,AU,ออสเตรเลีย,1F,ทวีปออสเตรเลีย,4338342.0,7641.0
2026-04,2026,4,2,315,DE,เยอรมนี,1B,ทวีปยุโรป,2792400.0,5879.0
2026-04,2026,4,2,285,AE,สหรัฐอาหรับเอมิเรตส์,1A,ทวีปเอเชีย,1448301.0,2120.0
2026-04,2026,4,2,319,FR,ฝรั่งเศส,1B,ทวีปยุโรป,3585680.0,11343.0
2026-04,2026,4,2,336,CZ,สาธารณรัฐเช็ก,1B,ทวีปยุโรป,1232172.0,2421.0
2026-04,2026,4,2,356,CH,สวิตเซอร์แลนด์,1B,ทวีปยุโรป,1179952.0,2543.0
2026-04,2026,4,2,325,NL,เนเธอร์แลนด์,1B,ทวีปยุโรป,1365629.0,2123.0
2026-04,2026,4,2,497,NZ,นิวซีแลนด์,1F,ทวีปออสเตรเลีย,771003.0,1464.0
2026-04,2026,4,2,316,DK,เดนมาร์ก,1B,ทวีปยุโรป,919800.0,1629.0
2026-04,2026,4,2,366,NO,นอร์เวย์,1B,ทวีปยุโรป,987703.0,1931.0
2026-04,2026,4,2,317,ES,สเปน,1B,ทวีปยุโรป,996744.0,5259.0
2026-04,2026,4,2,323,IT,อิตาลี,1B,ทวีปยุโรป,132981.0,179.0
2026-04,2026,4,2,296,SA,ซาอุดีอาระเบีย,1A,ทวีปเอเชีย,456979.0,610.0
2026-04,2026,4,2,294,OM,โอมาน,1A,ทวีปเอเชีย,254191.0,330.0
2026-04,2026,4,2,371,CA,แคนาดา,1C,ทวีปอเมริกาเหนือ,186113.0,647.0
2026-04,2026,4,2,295,QA,กาตาร์,1A,ทวีปเอเชีย,275309.0,338.0
2026-04,2026,4,2,322,IE,ไอร์แลนด์,1B,ทวีปยุโรป,101748.0,178.0
2026-04,2026,4,2,318,FI,ฟินแลนด์,1B,ทวีปยุโรป,188390.0,250.0
2026-04,2026,4,2,286,BH,บาห์เรน,1A,ทวีปเอเชีย,105804.0,190.0
2026-04,2026,4,2,327,SE,สวีเดน,1B,ทวีปยุโรป,265722.0,460.0
2026-04,2026,4,2,292,KW,คูเวต,1A,ทวีปเอเชีย,0.0,0.0
2026-04,2026,4,2,281,MV,มัลดีฟส์,1A,ทวีปเอเชีย,80270.0,130.0
2026-04,2026,4,2,478,ZA,แอฟริกาใต้,1E,ทวีปแอฟริกา,128500.0,450.0
2026-04,2026,4,2,266,BN,บรูไน,1A,ทวีปเอเชีย,85597.0,491.0
2026-04,2026,4,2,312,AT,ออสเตรีย,1B,ทวีปยุโรป,83772.0,173.0
2026-04,2026,4,2,326,PT,โปรตุเกส,1B,ทวีปยุโรป,0.0,0.0
2026-04,2026,4,2,313,BE,เบลเยียม,1B,ทวีปยุโรป,26412.0,268.0
2026-04,2026,4,2,345,RU,รัสเซีย,1B,ทวีปยุโรป,14178.0,69.0
2026-04,2026,4,2,437,EG,อียิปต์,1E,ทวีปแอฟริกา,32124.0,36.0
2026-04,2026,4,2,465,SC,เซเชลส์,1E,ทวีปแอฟริกา,22530.0,24.0
2026-04,2026,4,2,341,KZ,คาซัคสถาน,1A,ทวีปเอเชีย,4370.0,27.0
2026-04,2026,4,2,447,KE,เคนยา,1E,ทวีปแอฟริกา,0.0,0.0
2026-04,2026,4,2,337,GE,จอร์เจีย,1A,ทวีปเอเชีย,4290.0,6.0
2026-04,2026,4,2,279,IN,อินเดีย,1A,ทวีปเอเชีย,2641.0,96.0
2026-04,2026,4,2,277,BD,บังกลาเทศ,1A,ทวีปเอเชีย,0.0,0.0
2026-04,2026,4,2,352,UZ,อุซเบกิสถาน,1A,ทวีปเอเชีย,0.0,0.0
2026-05,2026,5,2,302,CN,จีน,1A,ทวีปเอเชีย,43351035210.0,343128286.0
2026-05,2026,5,2,303,HK,ฮ่องกง,1A,ทวีปเอเชีย,329166812.0,2542435.0
2026-05,2026,5,2,309,TW,ไต้หวัน,1A,ทวีปเอเชีย,69845519.0,640779.0
2026-05,2026,5,2,271,MY,มาเลเซีย,1A,ทวีปเอเชีย,56421000.0,1028600.0
2026-05,2026,5,2,306,KR,เกาหลีใต้,1A,ทวีปเอเชีย,76946963.0,607294.0
2026-05,2026,5,2,373,US,สหรัฐอเมริกา,1C,ทวีปอเมริกาเหนือ,14384244.0,63735.0
2026-05,2026,5,2,304,JP,ญี่ปุ่น,1A,ทวีปเอเชีย,16602721.0,84699.0
2026-05,2026,5,2,274,VN,เวียดนาม,1A,ทวีปเอเชีย,3122944.0,41579.0
2026-05,2026,5,2,320,GB,สหราชอาณาจักร,1B,ทวีปยุโรป,8004998.0,19706.0
2026-05,2026,5,2,483,AU,ออสเตรเลีย,1F,ทวีปออสเตรเลีย,8768350.0,15193.0
2026-05,2026,5,2,319,FR,ฝรั่งเศส,1B,ทวีปยุโรป,9852774.0,37391.0
2026-05,2026,5,2,285,AE,สหรัฐอาหรับเอมิเรตส์,1A,ทวีปเอเชีย,5424095.0,9334.0
2026-05,2026,5,2,315,DE,เยอรมนี,1B,ทวีปยุโรป,4193899.0,9908.0
2026-05,2026,5,2,336,CZ,สาธารณรัฐเช็ก,1B,ทวีปยุโรป,2476143.0,5408.0
2026-05,2026,5,2,317,ES,สเปน,1B,ทวีปยุโรป,4976224.0,16130.0
2026-05,2026,5,2,325,NL,เนเธอร์แลนด์,1B,ทวีปยุโรป,3437541.0,7474.0
2026-05,2026,5,2,356,CH,สวิตเซอร์แลนด์,1B,ทวีปยุโรป,2388993.0,4913.0
2026-05,2026,5,2,497,NZ,นิวซีแลนด์,1F,ทวีปออสเตรเลีย,2694421.0,5662.0
2026-05,2026,5,2,366,NO,นอร์เวย์,1B,ทวีปยุโรป,3316315.0,6465.0
2026-05,2026,5,2,316,DK,เดนมาร์ก,1B,ทวีปยุโรป,3072165.0,5811.0
2026-05,2026,5,2,327,SE,สวีเดน,1B,ทวีปยุโรป,1910109.0,2891.0
2026-05,2026,5,2,323,IT,อิตาลี,1B,ทวีปยุโรป,903112.0,1747.0
2026-05,2026,5,2,296,SA,ซาอุดีอาระเบีย,1A,ทวีปเอเชีย,204269.0,339.0
2026-05,2026,5,2,371,CA,แคนาดา,1C,ทวีปอเมริกาเหนือ,729045.0,2496.0
2026-05,2026,5,2,294,OM,โอมาน,1A,ทวีปเอเชีย,407142.0,571.0
2026-05,2026,5,2,295,QA,กาตาร์,1A,ทวีปเอเชีย,552893.0,685.0
2026-05,2026,5,2,322,IE,ไอร์แลนด์,1B,ทวีปยุโรป,548798.0,960.0
2026-05,2026,5,2,286,BH,บาห์เรน,1A,ทวีปเอเชีย,250494.0,440.0
2026-05,2026,5,2,318,FI,ฟินแลนด์,1B,ทวีปยุโรป,76949.0,78.0
2026-05,2026,5,2,281,MV,มัลดีฟส์,1A,ทวีปเอเชีย,127586.0,197.0
2026-05,2026,5,2,266,BN,บรูไน,1A,ทวีปเอเชีย,201929.0,1258.0
2026-05,2026,5,2,292,KW,คูเวต,1A,ทวีปเอเชีย,57443.0,88.0
2026-05,2026,5,2,312,AT,ออสเตรีย,1B,ทวีปยุโรป,217083.0,551.0
2026-05,2026,5,2,478,ZA,แอฟริกาใต้,1E,ทวีปแอฟริกา,3029.0,53.0
2026-05,2026,5,2,313,BE,เบลเยียม,1B,ทวีปยุโรป,24075.0,240.0
2026-05,2026,5,2,326,PT,โปรตุเกส,1B,ทวีปยุโรป,0.0,0.0
2026-05,2026,5,2,345,RU,รัสเซีย,1B,ทวีปยุโรป,6504.0,32.0
2026-05,2026,5,2,465,SC,เซเชลส์,1E,ทวีปแอฟริกา,16587.0,20.0
2026-05,2026,5,2,437,EG,อียิปต์,1E,ทวีปแอฟริกา,0.0,0.0
2026-05,2026,5,2,279,IN,อินเดีย,1A,ทวีปเอเชีย,18373.0,144.0
2026-05,2026,5,2,341,KZ,คาซัคสถาน,1A,ทวีปเอเชีย,2360.0,27.0
2026-05,2026,5,2,447,KE,เคนยา,1E,ทวีปแอฟริกา,0.0,0.0
2026-05,2026,5,2,337,GE,จอร์เจีย,1A,ทวีปเอเชีย,1211.0,77.0
2026-05,2026,5,2,277,BD,บังกลาเทศ,1A,ทวีปเอเชีย,0.0,0.0
2026-05,2026,5,2,352,UZ,อุซเบกิสถาน,1A,ทวีปเอเชีย,0.0,0.0
2026-06,2026,6,2,302,CN,จีน,1A,ทวีปเอเชีย,19524638351.0,163953133.0
2026-06,2026,6,2,303,HK,ฮ่องกง,1A,ทวีปเอเชีย,151550741.0,1254576.0
2026-06,2026,6,2,309,TW,ไต้หวัน,1A,ทวีปเอเชีย,21884663.0,136079.0
2026-06,2026,6,2,306,KR,เกาหลีใต้,1A,ทวีปเอเชีย,48965604.0,484688.0
2026-06,2026,6,2,271,MY,มาเลเซีย,1A,ทวีปเอเชีย,6635000.0,106700.0
2026-06,2026,6,2,304,JP,ญี่ปุ่น,1A,ทวีปเอเชีย,23544716.0,109699.0
2026-06,2026,6,2,373,US,สหรัฐอเมริกา,1C,ทวีปอเมริกาเหนือ,20144834.0,85922.0
2026-06,2026,6,2,274,VN,เวียดนาม,1A,ทวีปเอเชีย,2148480.0,18280.0
2026-06,2026,6,2,483,AU,ออสเตรเลีย,1F,ทวีปออสเตรเลีย,10912681.0,18893.0
2026-06,2026,6,2,319,FR,ฝรั่งเศส,1B,ทวีปยุโรป,8006202.0,29715.0
2026-06,2026,6,2,320,GB,สหราชอาณาจักร,1B,ทวีปยุโรป,5951968.0,14367.0
2026-06,2026,6,2,315,DE,เยอรมนี,1B,ทวีปยุโรป,5142066.0,10887.0
2026-06,2026,6,2,285,AE,สหรัฐอาหรับเอมิเรตส์,1A,ทวีปเอเชีย,4515842.0,7328.0
2026-06,2026,6,2,497,NZ,นิวซีแลนด์,1F,ทวีปออสเตรเลีย,5373148.0,8406.0
2026-06,2026,6,2,316,DK,เดนมาร์ก,1B,ทวีปยุโรป,3963864.0,8681.0
2026-06,2026,6,2,336,CZ,สาธารณรัฐเช็ก,1B,ทวีปยุโรป,2895154.0,8018.0
2026-06,2026,6,2,317,ES,สเปน,1B,ทวีปยุโรป,2756568.0,9369.0
2026-06,2026,6,2,366,NO,นอร์เวย์,1B,ทวีปยุโรป,3550503.0,7215.0
2026-06,2026,6,2,325,NL,เนเธอร์แลนด์,1B,ทวีปยุโรป,2653357.0,5292.0
2026-06,2026,6,2,356,CH,สวิตเซอร์แลนด์,1B,ทวีปยุโรป,1919029.0,4455.0
2026-06,2026,6,2,327,SE,สวีเดน,1B,ทวีปยุโรป,1982212.0,3123.0
2026-06,2026,6,2,323,IT,อิตาลี,1B,ทวีปยุโรป,674688.0,1599.0
2026-06,2026,6,2,371,CA,แคนาดา,1C,ทวีปอเมริกาเหนือ,484161.0,955.0
2026-06,2026,6,2,294,OM,โอมาน,1A,ทวีปเอเชีย,548489.0,773.0
2026-06,2026,6,2,296,SA,ซาอุดีอาระเบีย,1A,ทวีปเอเชีย,298625.0,381.0
2026-06,2026,6,2,295,QA,กาตาร์,1A,ทวีปเอเชีย,520575.0,748.0
2026-06,2026,6,2,322,IE,ไอร์แลนด์,1B,ทวีปยุโรป,345494.0,688.0
2026-06,2026,6,2,266,BN,บรูไน,1A,ทวีปเอเชีย,547765.0,3637.0
2026-06,2026,6,2,286,BH,บาห์เรน,1A,ทวีปเอเชีย,175925.0,307.0
2026-06,2026,6,2,318,FI,ฟินแลนด์,1B,ทวีปยุโรป,117161.0,110.0
2026-06,2026,6,2,312,AT,ออสเตรีย,1B,ทวีปยุโรป,208488.0,450.0
2026-06,2026,6,2,281,MV,มัลดีฟส์,1A,ทวีปเอเชีย,128785.0,201.0
2026-06,2026,6,2,292,KW,คูเวต,1A,ทวีปเอเชีย,68145.0,96.0
2026-06,2026,6,2,478,ZA,แอฟริกาใต้,1E,ทวีปแอฟริกา,0.0,0.0
2026-06,2026,6,2,313,BE,เบลเยียม,1B,ทวีปยุโรป,15194.0,145.0
2026-06,2026,6,2,326,PT,โปรตุเกส,1B,ทวีปยุโรป,0.0,0.0
2026-06,2026,6,2,279,IN,อินเดีย,1A,ทวีปเอเชีย,23534.0,270.0
2026-06,2026,6,2,345,RU,รัสเซีย,1B,ทวีปยุโรป,5313.0,28.0
2026-06,2026,6,2,447,KE,เคนยา,1E,ทวีปแอฟริกา,35033.0,140.0
2026-06,2026,6,2,437,EG,อียิปต์,1E,ทวีปแอฟริกา,21367.0,24.0
2026-06,2026,6,2,465,SC,เซเชลส์,1E,ทวีปแอฟริกา,0.0,0.0
2026-06,2026,6,2,341,KZ,คาซัคสถาน,1A,ทวีปเอเชีย,1900.0,29.0
2026-06,2026,6,2,337,GE,จอร์เจีย,1A,ทวีปเอเชีย,0.0,0.0
2026-06,2026,6,2,277,BD,บังกลาเทศ,1A,ทวีปเอเชีย,0.0,0.0
2026-06,2026,6,2,352,UZ,อุซเบกิสถาน,1A,ทวีปเอเชีย,0.0,0.0
2026-06,2026,6,2,440,GA,กาบอง,1E,ทวีปแอฟริกา,971.0,10.0
2026-07,2026,7,3,302,CN,จีน,1A,ทวีปเอเชีย,22831131293.0,217423529.0
2026-07,2026,7,3,303,HK,ฮ่องกง,1A,ทวีปเอเชีย,133100037.0,1214040.0
2026-07,2026,7,3,271,MY,มาเลเซีย,1A,ทวีปเอเชีย,134331000.0,4769100.0
2026-07,2026,7,3,309,TW,ไต้หวัน,1A,ทวีปเอเชีย,33874075.0,292274.0
2026-07,2026,7,3,306,KR,เกาหลีใต้,1A,ทวีปเอเชีย,29055089.0,299706.0
2026-07,2026,7,3,373,US,สหรัฐอเมริกา,1C,ทวีปอเมริกาเหนือ,12474052.0,68189.0
2026-07,2026,7,3,304,JP,ญี่ปุ่น,1A,ทวีปเอเชีย,10948249.0,61047.0
2026-07,2026,7,3,483,AU,ออสเตรเลีย,1F,ทวีปออสเตรเลีย,8120062.0,14841.0
2026-07,2026,7,3,274,VN,เวียดนาม,1A,ทวีปเอเชีย,4719065.0,35750.0
2026-07,2026,7,3,319,FR,ฝรั่งเศส,1B,ทวีปยุโรป,7372945.0,25692.0
2026-07,2026,7,3,320,GB,สหราชอาณาจักร,1B,ทวีปยุโรป,3138389.0,8125.0
2026-07,2026,7,3,315,DE,เยอรมนี,1B,ทวีปยุโรป,3136617.0,6338.0
2026-07,2026,7,3,497,NZ,นิวซีแลนด์,1F,ทวีปออสเตรเลีย,7010689.0,11280.0
2026-07,2026,7,3,285,AE,สหรัฐอาหรับเอมิเรตส์,1A,ทวีปเอเชีย,1768955.0,3610.0
2026-07,2026,7,3,325,NL,เนเธอร์แลนด์,1B,ทวีปยุโรป,3331261.0,4850.0
2026-07,2026,7,3,316,DK,เดนมาร์ก,1B,ทวีปยุโรป,2207580.0,3976.0
2026-07,2026,7,3,336,CZ,สาธารณรัฐเช็ก,1B,ทวีปยุโรป,2326148.0,5820.0
2026-07,2026,7,3,366,NO,นอร์เวย์,1B,ทวีปยุโรป,2312743.0,4146.0
2026-07,2026,7,3,317,ES,สเปน,1B,ทวีปยุโรป,2094498.0,6877.0
2026-07,2026,7,3,356,CH,สวิตเซอร์แลนด์,1B,ทวีปยุโรป,1572036.0,3754.0
2026-07,2026,7,3,327,SE,สวีเดน,1B,ทวีปยุโรป,1844980.0,2956.0
2026-07,2026,7,3,323,IT,อิตาลี,1B,ทวีปยุโรป,249940.0,405.0
2026-07,2026,7,3,371,CA,แคนาดา,1C,ทวีปอเมริกาเหนือ,816920.0,2634.0
2026-07,2026,7,3,294,OM,โอมาน,1A,ทวีปเอเชีย,336482.0,495.0
2026-07,2026,7,3,296,SA,ซาอุดีอาระเบีย,1A,ทวีปเอเชีย,326201.0,434.0
2026-07,2026,7,3,322,IE,ไอร์แลนด์,1B,ทวีปยุโรป,558752.0,968.0
2026-07,2026,7,3,295,QA,กาตาร์,1A,ทวีปเอเชีย,264607.0,963.0
2026-07,2026,7,3,267,ID,อินโดนีเซีย,1A,ทวีปเอเชีย,1570167.0,17280.0
2026-07,2026,7,3,266,BN,บรูไน,1A,ทวีปเอเชีย,515882.0,3416.0
2026-07,2026,7,3,286,BH,บาห์เรน,1A,ทวีปเอเชีย,210503.0,451.0
2026-07,2026,7,3,312,AT,ออสเตรีย,1B,ทวีปยุโรป,145811.0,319.0
2026-07,2026,7,3,281,MV,มัลดีฟส์,1A,ทวีปเอเชีย,146697.0,256.0
2026-07,2026,7,3,318,FI,ฟินแลนด์,1B,ทวีปยุโรป,75078.0,70.0
2026-07,2026,7,3,292,KW,คูเวต,1A,ทวีปเอเชีย,109724.0,172.0
2026-07,2026,7,3,478,ZA,แอฟริกาใต้,1E,ทวีปแอฟริกา,0.0,0.0
2026-07,2026,7,3,279,IN,อินเดีย,1A,ทวีปเอเชีย,47640.0,129.0
2026-07,2026,7,3,313,BE,เบลเยียม,1B,ทวีปยุโรป,12798.0,138.0
2026-07,2026,7,3,447,KE,เคนยา,1E,ทวีปแอฟริกา,21081.0,347.0
2026-07,2026,7,3,345,RU,รัสเซีย,1B,ทวีปยุโรป,5880.0,33.0
2026-07,2026,7,3,326,PT,โปรตุเกส,1B,ทวีปยุโรป,0.0,0.0
2026-07,2026,7,3,437,EG,อียิปต์,1E,ทวีปแอฟริกา,0.0,0.0
2026-07,2026,7,3,465,SC,เซเชลส์,1E,ทวีปแอฟริกา,0.0,0.0
2026-07,2026,7,3,341,KZ,คาซัคสถาน,1A,ทวีปเอเชีย,4848.0,25.0
2026-07,2026,7,3,479,ZM,แซมเบีย,1E,ทวีปแอฟริกา,24572.0,132.0
2026-07,2026,7,3,337,GE,จอร์เจีย,1A,ทวีปเอเชีย,0.0,0.0
2026-07,2026,7,3,277,BD,บังกลาเทศ,1A,ทวีปเอเชีย,0.0,0.0
2026-07,2026,7,3,352,UZ,อุซเบกิสถาน,1A,ทวีปเอเชีย,0.0,0.0
2026-07,2026,7,3,440,GA,กาบอง,1E,ทวีปแอฟริกา,0.0,0.0
